File ID	File Name	Data Category	Data Type	Project ID	Case ID	Sample ID	Tissue Type	Tumor Descriptor	Specimen Type	Preservation Method
25e29a02-e56a-432a-8be5-c559c3745fe4	4b7e2f7a-9b9b-4e30-8fd3-afc4748c85ee.rna_seq.augmented_star_gene_counts.tsv	Transcriptome Profiling	Gene Expression Quantification	CPTAC-3	C3N-03487	C3N-03487-06	Normal	Not Applicable	Solid Tissue	Snap Frozen
62d9fd46-420f-406e-b2eb-194fd44f5d34	2544d900-8e7b-41ef-b716-8936707cbabe.rna_seq.augmented_star_gene_counts.tsv	Transcriptome Profiling	Gene Expression Quantification	CPTAC-3	C3L-00999	C3L-00999-06	Normal	Not Applicable	Solid Tissue	Snap Frozen
4e71b9b7-7bc5-44cf-abc7-ebf9c563f41c	210ba0b2-c35d-4e42-b5ed-28e5b65bb727.rna_seq.augmented_star_gene_counts.tsv	Transcriptome Profiling	Gene Expression Quantification	CPTAC-3	C3L-00999	C3L-00999-01	Tumor	Primary	Solid Tissue	Snap Frozen
2b2db041-0330-4f2e-9e9d-489178e5ede6	13f5d33f-2968-476f-a221-ec854cde98aa.rna_seq.augmented_star_gene_counts.tsv	Transcriptome Profiling	Gene Expression Quantification	CPTAC-3	C3N-01947	C3N-01947-12	Tumor	Primary	Solid Tissue	Snap Frozen
63008c02-e5ec-43e0-baff-22353cb3c489	fe811d03-e73a-41b7-a98b-d1af3f4b32ef.rna_seq.augmented_star_gene_counts.tsv	Transcriptome Profiling	Gene Expression Quantification	CPTAC-3	C3N-03490	C3N-03490-12	Tumor	Primary	Solid Tissue	Snap Frozen
7a0ed3cd-c398-4115-9e80-b6f09290ec6c	ba31b492-6d7d-4890-bd48-10be7faa27fd.rna_seq.augmented_star_gene_counts.tsv	Transcriptome Profiling	Gene Expression Quantification	CPTAC-3	C3N-03490	C3N-03490-06	Normal	Not Applicable	Solid Tissue	Snap Frozen
4408bd9c-803f-4707-be7a-dc9f12073c30	d57787e3-d57c-4cb1-91e9-32fa9859c13f.rna_seq.augmented_star_gene_counts.tsv	Transcriptome Profiling	Gene Expression Quantification	CPTAC-3	C3L-04025, C3L-04025, C3L-04025	C3L-04025-07, C3L-04025-08, C3L-04025-06	Normal, Normal, Normal	Not Applicable, Not Applicable, Not Applicable	Solid Tissue, Solid Tissue, Solid Tissue	Snap Frozen, Snap Frozen, Snap Frozen
71256697-2385-4bc1-9cf8-8e1ecb74fa6a	1a2cbbf1-0a31-4b15-aca4-6f6ff491e571.rna_seq.augmented_star_gene_counts.tsv	Transcriptome Profiling	Gene Expression Quantification	CPTAC-3	C3L-04025	C3L-04025-03	Tumor	Primary	Solid Tissue	Snap Frozen
427d1065-4f59-4d90-a193-472580643bc3	bf684da4-4753-42a5-bc5c-991db9bdb8f9.rna_seq.augmented_star_gene_counts.tsv	Transcriptome Profiling	Gene Expression Quantification	CPTAC-3	C3N-03226	C3N-03226-02	Tumor	Primary	Solid Tissue	Snap Frozen
0e19745f-10c7-436f-a56b-f54cca5d7f3a	2a73af06-3e0e-48fa-89c0-5e16179d06dc.rna_seq.augmented_star_gene_counts.tsv	Transcriptome Profiling	Gene Expression Quantification	CPTAC-3	C3L-00994	C3L-00994-07	Normal	Not Applicable	Solid Tissue	Snap Frozen
40ae8b2a-1c6a-4a16-abe2-d1e18dce5b79	c889976b-ac2a-4dda-a21c-422722dc59a2.rna_seq.augmented_star_gene_counts.tsv	Transcriptome Profiling	Gene Expression Quantification	CPTAC-3	C3L-00994	C3L-00994-14	Tumor	Primary	Solid Tissue	Snap Frozen
3c087a45-36c2-4e42-aec6-0103a369f304	18bb6154-91fe-437a-be9a-108f458d9c83.rna_seq.augmented_star_gene_counts.tsv	Transcriptome Profiling	Gene Expression Quantification	CPTAC-3	C3N-00871	C3N-00871-11	Tumor	Primary	Solid Tissue	Snap Frozen
f9f6053c-517c-4eaa-9de5-76af46737449	4d4602b3-cccf-494f-8c1b-abfb625790a3.rna_seq.augmented_star_gene_counts.tsv	Transcriptome Profiling	Gene Expression Quantification	CPTAC-3	C3N-01947	C3N-01947-05	Normal	Not Applicable	Solid Tissue	Snap Frozen
88221ce2-76a7-48bc-b657-b11bfb1a4800	b17dce49-b28f-433e-b5c9-31d7c26c84b4.rna_seq.augmented_star_gene_counts.tsv	Transcriptome Profiling	Gene Expression Quantification	CPTAC-3	C3N-03490	C3N-03490-02	Tumor	Primary	Solid Tissue	Snap Frozen
0aeb897e-96bf-4a84-baea-540cd725a79c	8fcbf45d-bef1-4af4-a543-0f6d50e0454f.rna_seq.augmented_star_gene_counts.tsv	Transcriptome Profiling	Gene Expression Quantification	CPTAC-3	C3N-03045	C3N-03045-02	Normal	Not Applicable	Solid Tissue	Snap Frozen
22dc1a80-387f-4b3b-b1ff-2cfdd85ea972	49145bae-112a-4932-bed6-b91545ff29c2.rna_seq.augmented_star_gene_counts.tsv	Transcriptome Profiling	Gene Expression Quantification	CPTAC-3	C3L-00994	C3L-00994-04	Tumor	Primary	Solid Tissue	Snap Frozen
f22083fe-b168-4dc0-8058-8934108164c2	49fa9961-1d30-49f3-8fe4-552f99416b5d.rna_seq.augmented_star_gene_counts.tsv	Transcriptome Profiling	Gene Expression Quantification	CPTAC-3	C3N-03783	C3N-03783-11	Tumor	Primary	Solid Tissue	Snap Frozen
f93fd181-3f1c-470a-adde-f24efbcf5001	028311d8-11c1-409c-975c-2c1694bd8788.rna_seq.augmented_star_gene_counts.tsv	Transcriptome Profiling	Gene Expression Quantification	CPTAC-3	C3N-03226	C3N-03226-12	Tumor	Primary	Solid Tissue	Snap Frozen
07a390d0-3307-4a28-837f-07e25a75563e	5c790ebb-b618-4c3b-8b4c-e3b17e343629.rna_seq.augmented_star_gene_counts.tsv	Transcriptome Profiling	Gene Expression Quantification	CPTAC-3	C3N-03226	C3N-03226-06	Normal	Not Applicable	Solid Tissue	Snap Frozen
6eabcbce-d16a-4ca2-8176-4cba530b9ef7	624c6fdb-d67c-41bc-81d9-f22d97f773a7.rna_seq.augmented_star_gene_counts.tsv	Transcriptome Profiling	Gene Expression Quantification	CPTAC-3	C3N-03226	C3N-03226-12	Tumor	Primary	Solid Tissue	Snap Frozen
52c18535-6854-4f89-a5b7-ad766cebfb29	36f94b97-5481-432b-8658-bd1fe2b0863e.rna_seq.augmented_star_gene_counts.tsv	Transcriptome Profiling	Gene Expression Quantification	CPTAC-3	C3L-04849	C3L-04849-02	Tumor	Primary	Solid Tissue	Snap Frozen
7e7d40a3-1f3d-474c-b94f-f76e6d9d3629	eba78093-281e-4242-8a9c-6375154bbb8a.rna_seq.augmented_star_gene_counts.tsv	Transcriptome Profiling	Gene Expression Quantification	CPTAC-3	C3L-04849	C3L-04849-12	Tumor	Primary	Solid Tissue	Snap Frozen
cc094d59-e1c6-4e5a-ab63-078bf48a5acc	f46b37ac-9e11-4e8b-b65d-a9b0eb9c7691.rna_seq.augmented_star_gene_counts.tsv	Transcriptome Profiling	Gene Expression Quantification	CPTAC-3	C3N-03027	C3N-03027-03	Normal	Not Applicable	Solid Tissue	Snap Frozen
979f90df-c386-4258-815f-28cf7a63d438	126e3927-cb78-4708-a9c0-12b9c8471a87.rna_seq.augmented_star_gene_counts.tsv	Transcriptome Profiling	Gene Expression Quantification	CPTAC-3	C3N-03027	C3N-03027-01	Tumor	Primary	Solid Tissue	Snap Frozen
a0610cf4-27a6-4b45-aacc-63bbc79d2a19	f150e4c9-6f6e-4f7a-9e90-248ce34744db.rna_seq.augmented_star_gene_counts.tsv	Transcriptome Profiling	Gene Expression Quantification	CPTAC-3	C3N-03458	C3N-03458-01	Tumor	Primary	Solid Tissue	Snap Frozen
7310e0e5-db64-48ca-b446-dc99908b138a	8317ba9e-f39a-4783-a541-d318d513b18d.rna_seq.augmented_star_gene_counts.tsv	Transcriptome Profiling	Gene Expression Quantification	CPTAC-3	C3N-03928	C3N-03928-13	Tumor	Primary	Solid Tissue	Snap Frozen
91fd6417-23df-4b39-8770-9d44c941121d	ec4209ea-d27e-4cd1-8f92-61908f981576.rna_seq.augmented_star_gene_counts.tsv	Transcriptome Profiling	Gene Expression Quantification	CPTAC-3	C3N-03928	C3N-03928-03	Tumor	Primary	Solid Tissue	Snap Frozen
8efd449a-244d-4d47-97d8-9ce2d941ce97	70c8169f-5a36-4241-8d16-e5945f4fd4db.rna_seq.augmented_star_gene_counts.tsv	Transcriptome Profiling	Gene Expression Quantification	CPTAC-3	C3N-03928	C3N-03928-06	Normal	Not Applicable	Solid Tissue	Snap Frozen
f9e3b043-8371-42c1-95f5-29d14212d6cd	8c5a96d6-2665-4ca9-abb1-719e8d841b60.rna_seq.augmented_star_gene_counts.tsv	Transcriptome Profiling	Gene Expression Quantification	CPTAC-3	C3N-00498, C3N-00498	C3N-00498-04, C3N-00498-02	Tumor, Tumor	Primary, Primary	Solid Tissue, Solid Tissue	Snap Frozen, Snap Frozen
f502d1b0-9447-4096-877b-00ea6240ca8d	305d1b5d-1311-4a67-8edf-426d163bd22e.rna_seq.augmented_star_gene_counts.tsv	Transcriptome Profiling	Gene Expression Quantification	CPTAC-3	C3L-03378	C3L-03378-14	Tumor	Primary	Solid Tissue	Snap Frozen
5eb39a98-5bae-46bc-bd00-dabe6cdf165b	0816fbe5-a5b9-4278-97a8-45fc6a4abd8b.rna_seq.augmented_star_gene_counts.tsv	Transcriptome Profiling	Gene Expression Quantification	CPTAC-3	C3L-03378	C3L-03378-04	Tumor	Primary	Solid Tissue	Snap Frozen
493df93a-bf2d-45bf-af73-ee0963bca6a5	9c68c943-b7ed-4d55-83f5-2fe66465c54c.rna_seq.augmented_star_gene_counts.tsv	Transcriptome Profiling	Gene Expression Quantification	CPTAC-3	C3N-03013	C3N-03013-11	Tumor	Primary	Solid Tissue	Snap Frozen
4fe9e50e-61d1-43f6-8e00-d22359906662	60c5c209-418b-4ac6-a29d-1d9e8478a2c1.rna_seq.augmented_star_gene_counts.tsv	Transcriptome Profiling	Gene Expression Quantification	CPTAC-3	C3N-03620	C3N-03620-02	Tumor	Primary	Solid Tissue	Snap Frozen
d24805cf-4bd5-4876-8435-4f983b73e00f	0c511ffd-edbb-4679-b57e-cd1abd96c081.rna_seq.augmented_star_gene_counts.tsv	Transcriptome Profiling	Gene Expression Quantification	CPTAC-3	C3N-03457	C3N-03457-02	Tumor	Primary	Solid Tissue	Snap Frozen
6d2f6005-bbdb-424c-91ab-4f0aa4b7fc3d	8f20dc73-e3c2-41d2-9a5a-35d8d9b6a788.rna_seq.augmented_star_gene_counts.tsv	Transcriptome Profiling	Gene Expression Quantification	CPTAC-3	C3N-00498	C3N-00498-05	Normal	Not Applicable	Solid Tissue	Snap Frozen
a390b5dd-5938-4ece-b15a-d37f00cdb8f2	8efa1233-2c93-4d81-a268-7972bb5e5a35.rna_seq.augmented_star_gene_counts.tsv	Transcriptome Profiling	Gene Expression Quantification	CPTAC-3	C3N-00846	C3N-00846-02	Tumor	Primary	Solid Tissue	Snap Frozen
9f44feb3-761b-4606-8641-f2f5fe595ad9	0ff0e56a-a835-4241-b663-0272eac3c552.rna_seq.augmented_star_gene_counts.tsv	Transcriptome Profiling	Gene Expression Quantification	CPTAC-3	C3N-00825	C3N-00825-13	Tumor	Primary	Solid Tissue	Snap Frozen
5cf996ce-af74-4015-9034-0bc910c230d1	a3b6638d-5487-4956-b262-d1c296c6bd5f.rna_seq.augmented_star_gene_counts.tsv	Transcriptome Profiling	Gene Expression Quantification	CPTAC-3	C3N-00829, C3N-00829	C3N-00829-02, C3N-00829-01	Tumor, Tumor	Primary, Primary	Solid Tissue, Solid Tissue	Snap Frozen, Snap Frozen
e6b0b1d2-b3cf-4fa2-b479-afa445dae606	ed07a9fb-a1f1-402a-a0de-fab047778a2c.rna_seq.augmented_star_gene_counts.tsv	Transcriptome Profiling	Gene Expression Quantification	CPTAC-3	C3L-03378	C3L-03378-05	Normal	Not Applicable	Solid Tissue	Snap Frozen
82052ddd-428d-4fec-b8ea-6fb190ea9b70	e81c43a4-4b5a-49ac-8383-63bea61f2e0e.rna_seq.augmented_star_gene_counts.tsv	Transcriptome Profiling	Gene Expression Quantification	CPTAC-3	C3N-02730, C3N-02730	C3N-02730-01, C3N-02730-02	Tumor, Tumor	Primary, Primary	Solid Tissue, Solid Tissue	Snap Frozen, Snap Frozen
c31dcfe3-46ba-4189-890d-507bc165cabe	a47eebc9-3568-4784-a121-886bce7246b8.rna_seq.augmented_star_gene_counts.tsv	Transcriptome Profiling	Gene Expression Quantification	CPTAC-3	C3N-03013	C3N-03013-01	Tumor	Primary	Solid Tissue	Snap Frozen
735bdf01-2bd0-4cb4-ada9-808641322a5c	4be3c348-2d0d-439c-ac9f-b72ddb5f63cf.rna_seq.augmented_star_gene_counts.tsv	Transcriptome Profiling	Gene Expression Quantification	CPTAC-3	C3N-03620	C3N-03620-12	Tumor	Primary	Solid Tissue	Snap Frozen
f6a47fa3-d78c-4ec9-8c21-6a313daf95cf	43a16e20-5897-4620-ae0d-c06c549ace82.rna_seq.augmented_star_gene_counts.tsv	Transcriptome Profiling	Gene Expression Quantification	CPTAC-3	C3N-03620	C3N-03620-06	Normal	Not Applicable	Solid Tissue	Snap Frozen
b1b12b6c-2f49-4f58-9f9e-61e83a166b0b	daa92392-c0c0-4248-902c-43ab616bbdf9.rna_seq.augmented_star_gene_counts.tsv	Transcriptome Profiling	Gene Expression Quantification	CPTAC-3	C3N-03783	C3N-03783-01	Tumor	Primary	Solid Tissue	Snap Frozen
1c0e3570-5a77-4194-a074-5765051d49ab	3d7b05ab-8781-44f9-9ae7-881bfdf01e08.rna_seq.augmented_star_gene_counts.tsv	Transcriptome Profiling	Gene Expression Quantification	CPTAC-3	C3N-03782	C3N-03782-01	Tumor	Primary	Solid Tissue	Snap Frozen
75e3998b-5e02-41cd-b22b-f650046993fe	115f6eaf-76fa-43a7-8bda-9a2f83d1613a.rna_seq.augmented_star_gene_counts.tsv	Transcriptome Profiling	Gene Expression Quantification	CPTAC-3	C3N-03782	C3N-03782-11	Tumor	Primary	Solid Tissue	Snap Frozen
e4c3567e-6741-4534-bffc-28a2b8addbd8	3f33f7e6-e5ae-429c-bc3f-e6221d9c7e45.rna_seq.augmented_star_gene_counts.tsv	Transcriptome Profiling	Gene Expression Quantification	CPTAC-3	C3N-03028	C3N-03028-04	Normal	Not Applicable	Solid Tissue	Snap Frozen
c8983b4c-5045-403b-9233-a54b86d7176b	66fedd31-256b-451d-8e75-74ec8260fbf9.rna_seq.augmented_star_gene_counts.tsv	Transcriptome Profiling	Gene Expression Quantification	CPTAC-3	C3N-02714	C3N-02714-06	Normal	Not Applicable	Solid Tissue	Snap Frozen
328918b0-56c1-4b44-bd04-53dc5013f246	d14851b9-a42e-474c-b085-347fa776cb63.rna_seq.augmented_star_gene_counts.tsv	Transcriptome Profiling	Gene Expression Quantification	CPTAC-3	C3N-02714	C3N-02714-02	Tumor	Primary	Solid Tissue	Snap Frozen
1c621325-1cb3-4150-8eaf-f9d3c87512a2	e11daef0-5e35-4f08-91af-134d152dc2cc.rna_seq.augmented_star_gene_counts.tsv	Transcriptome Profiling	Gene Expression Quantification	CPTAC-3	C3N-03008	C3N-03008-11	Tumor	Primary	Solid Tissue	Snap Frozen
82cc06b3-d97f-48e1-bc4f-67d0b9d73de2	853d0733-e6bb-4eba-85d1-1409e99a5992.rna_seq.augmented_star_gene_counts.tsv	Transcriptome Profiling	Gene Expression Quantification	CPTAC-3	C3N-03619	C3N-03619-12	Tumor	Primary	Solid Tissue	Snap Frozen
75e1d760-45a0-4ccb-8bf3-941f8ea1862c	573ed713-ce22-445e-a77a-ba0a2a79644f.rna_seq.augmented_star_gene_counts.tsv	Transcriptome Profiling	Gene Expression Quantification	CPTAC-3	C3N-03619	C3N-03619-06	Normal	Not Applicable	Solid Tissue	Snap Frozen
523f1967-264d-4f05-b6e7-c04bdafb5e64	5d1a3afa-5b54-4cb2-8040-dff428cd91c2.rna_seq.augmented_star_gene_counts.tsv	Transcriptome Profiling	Gene Expression Quantification	CPTAC-3	C3N-03619	C3N-03619-02	Tumor	Primary	Solid Tissue	Snap Frozen
842bbaaa-33ee-4ac2-bb01-e2efd53e7977	22f1bc7d-e66a-43ba-827a-a7b4c034ff62.rna_seq.augmented_star_gene_counts.tsv	Transcriptome Profiling	Gene Expression Quantification	CPTAC-3	C3N-01754	C3N-01754-05	Normal	Not Applicable	Solid Tissue	Snap Frozen
6bca3e04-5a97-4c80-a49b-57157c164267	00891109-a669-4f4e-b25f-b6bb5ffde417.rna_seq.augmented_star_gene_counts.tsv	Transcriptome Profiling	Gene Expression Quantification	CPTAC-3	C3N-02695, C3N-02695	C3N-02695-01, C3N-02695-02	Tumor, Tumor	Primary, Primary	Solid Tissue, Solid Tissue	Snap Frozen, Snap Frozen
68099d1c-ef62-4695-8b8c-f3d728f109d2	7de3d059-5571-409c-8e13-de935ac8c252.rna_seq.augmented_star_gene_counts.tsv	Transcriptome Profiling	Gene Expression Quantification	CPTAC-3	C3L-00995	C3L-00995-06	Normal	Not Applicable	Solid Tissue	Snap Frozen
517599b4-5ada-4763-a59f-f222caa50fed	ed80d59e-8f5c-4b32-b6f4-3b8e4badd5d5.rna_seq.augmented_star_gene_counts.tsv	Transcriptome Profiling	Gene Expression Quantification	CPTAC-3	C3L-00995	C3L-00995-12	Tumor	Primary	Solid Tissue	Snap Frozen
555ba22b-d79e-4c32-be62-8ca6614d40cf	b4641ae8-8896-4167-9d60-03b614fb3908.rna_seq.augmented_star_gene_counts.tsv	Transcriptome Profiling	Gene Expression Quantification	CPTAC-3	C3L-00977	C3L-00977-12	Tumor	Primary	Solid Tissue	Snap Frozen
0bbf7428-7832-4f18-9503-7812adf8cea6	4f5e3ac2-4ea7-41bd-bec6-ed1a75ff0519.rna_seq.augmented_star_gene_counts.tsv	Transcriptome Profiling	Gene Expression Quantification	CPTAC-3	C3L-00977	C3L-00977-06	Normal	Not Applicable	Solid Tissue	Snap Frozen
36bc2862-6e33-4524-9d35-1e04c76674f6	e8ebc9d1-c84b-4a29-a970-4e70c6f2fbc1.rna_seq.augmented_star_gene_counts.tsv	Transcriptome Profiling	Gene Expression Quantification	CPTAC-3	C3N-02694	C3N-02694-12	Tumor	Primary	Solid Tissue	Snap Frozen
06b116f9-cd37-4156-8032-c5d34b2d34fb	35c40966-c556-4848-8738-bca58081217c.rna_seq.augmented_star_gene_counts.tsv	Transcriptome Profiling	Gene Expression Quantification	CPTAC-3	C3L-00987	C3L-00987-01	Tumor	Primary	Solid Tissue	Snap Frozen
cc6b9a65-b10d-4df6-b225-c063d08c9938	2a9a5320-b45b-4a69-a9ad-0f56139d719c.rna_seq.augmented_star_gene_counts.tsv	Transcriptome Profiling	Gene Expression Quantification	CPTAC-3	C3N-03933	C3N-03933-13	Tumor	Primary	Solid Tissue	Snap Frozen
6aba06ad-2d62-4ff1-9f76-651add05197a	622b128a-ad56-4121-b304-b3433e6a2871.rna_seq.augmented_star_gene_counts.tsv	Transcriptome Profiling	Gene Expression Quantification	CPTAC-3	C3N-04279	C3N-04279-01	Tumor	Primary	Solid Tissue	Snap Frozen
e5ce92d0-3ec6-4f3d-aa8f-7e73d9794576	34242a6b-7196-4c6f-b74c-83c0c2d81c2a.rna_seq.augmented_star_gene_counts.tsv	Transcriptome Profiling	Gene Expression Quantification	CPTAC-3	C3L-00999	C3L-00999-11	Tumor	Primary	Solid Tissue	Snap Frozen
1d92209d-ab68-4765-aa93-3fd476244b5c	97503e75-6590-43ff-bf8b-3c260dc9f1f6.rna_seq.augmented_star_gene_counts.tsv	Transcriptome Profiling	Gene Expression Quantification	CPTAC-3	C3N-01947	C3N-01947-02	Tumor	Primary	Solid Tissue	Snap Frozen
c047e420-16c1-411b-adbb-b831f623f0b9	0fc3b37c-1ed7-430b-86e5-afd1904c9072.rna_seq.augmented_star_gene_counts.tsv	Transcriptome Profiling	Gene Expression Quantification	CPTAC-3	C3N-02925	C3N-02925-01	Tumor	Primary	Solid Tissue	Snap Frozen
f590b1ab-51c7-4ed1-9405-9ae12576375d	e4c0db3d-1759-4db9-939f-f69fc274d161.rna_seq.augmented_star_gene_counts.tsv	Transcriptome Profiling	Gene Expression Quantification	CPTAC-3	C3N-03889	C3N-03889-12	Tumor	Primary	Solid Tissue	Snap Frozen
96cf2779-c23b-4ff0-b655-540722354a92	4df44bd0-831c-4b4e-8c65-d118dec61087.rna_seq.augmented_star_gene_counts.tsv	Transcriptome Profiling	Gene Expression Quantification	CPTAC-3	C3N-03889	C3N-03889-02	Tumor	Primary	Solid Tissue	Snap Frozen
2ef82f9c-ffa0-4b5f-967e-4cd677b6303a	7460c7a2-89f9-4c1a-ade3-cd7e092fc034.rna_seq.augmented_star_gene_counts.tsv	Transcriptome Profiling	Gene Expression Quantification	CPTAC-3	C3N-02925	C3N-02925-03	Normal	Not Applicable	Solid Tissue	Snap Frozen
a2b8d498-f21a-4718-8661-1cd9535ac2e5	bee0d45a-add1-4765-990f-4d58934ab094.rna_seq.augmented_star_gene_counts.tsv	Transcriptome Profiling	Gene Expression Quantification	TCGA-HNSC	TCGA-CR-6472	TCGA-CR-6472-01A	Tumor	Primary	Solid Tissue	Unknown
6bbf7ecc-6210-4173-956a-aa241cbbff2c	c83c1267-97c6-410a-9922-af05e099e427.rna_seq.augmented_star_gene_counts.tsv	Transcriptome Profiling	Gene Expression Quantification	TCGA-HNSC	TCGA-CV-7406	TCGA-CV-7406-01A	Tumor	Primary	Solid Tissue	Unknown
d81be377-be69-4b84-a224-015aa562601f	fee13f16-47c5-4bd5-871d-d39992f60ec1.rna_seq.augmented_star_gene_counts.tsv	Transcriptome Profiling	Gene Expression Quantification	TCGA-HNSC	TCGA-CQ-A4C7	TCGA-CQ-A4C7-01A	Tumor	Primary	Solid Tissue	Unknown
9adb359c-7196-4b9e-8cd7-b6b207521db4	efdfb4b0-ba6f-43e1-ba1a-6f22e396a1a5.rna_seq.augmented_star_gene_counts.tsv	Transcriptome Profiling	Gene Expression Quantification	TCGA-HNSC	TCGA-IQ-7631	TCGA-IQ-7631-01A	Tumor	Primary	Solid Tissue	Unknown
a70a9ffa-3c34-44e8-a5c8-987c1d75eec0	138ba5a4-899c-42be-b41c-41c86f031f95.rna_seq.augmented_star_gene_counts.tsv	Transcriptome Profiling	Gene Expression Quantification	TCGA-HNSC	TCGA-CV-7416	TCGA-CV-7416-11A	Normal	Not Applicable	Solid Tissue	Unknown
abbfd050-61b3-4138-94d2-19a11fe55407	ac2a06b5-e7e1-448b-9d57-50c9bc44ce27.rna_seq.augmented_star_gene_counts.tsv	Transcriptome Profiling	Gene Expression Quantification	TCGA-HNSC	TCGA-CV-7406	TCGA-CV-7406-11A	Normal	Not Applicable	Solid Tissue	Unknown
34738236-8107-4968-a889-5a3628d82ebc	be0e8bb7-c5ef-4f5a-9112-095350caab7e.rna_seq.augmented_star_gene_counts.tsv	Transcriptome Profiling	Gene Expression Quantification	TCGA-HNSC	TCGA-CQ-7068	TCGA-CQ-7068-01A	Tumor	Primary	Solid Tissue	Unknown
7ed2198a-102d-42e2-8cf0-d8dfbdf34632	fa60d195-2f77-40ef-a304-19fe7e14f368.rna_seq.augmented_star_gene_counts.tsv	Transcriptome Profiling	Gene Expression Quantification	TCGA-HNSC	TCGA-BA-5557	TCGA-BA-5557-01A	Tumor	Primary	Solid Tissue	Unknown
df5d5bb6-d9cc-43bd-b03c-9721060f1ad7	ff66de71-61ea-41de-88bc-0bafa817056a.rna_seq.augmented_star_gene_counts.tsv	Transcriptome Profiling	Gene Expression Quantification	TCGA-HNSC	TCGA-DQ-7593	TCGA-DQ-7593-01A	Tumor	Primary	Solid Tissue	Unknown
b4d80398-c339-407b-94d3-57afa590e16d	18ed5122-3bb8-43b6-94c2-acec0129fc78.rna_seq.augmented_star_gene_counts.tsv	Transcriptome Profiling	Gene Expression Quantification	TCGA-HNSC	TCGA-F7-A620	TCGA-F7-A620-01A	Tumor	Primary	Solid Tissue	OCT
bd9af814-1b9e-4a00-99a3-79c3dc2086f2	5d6a877b-18d0-42c8-9aed-f8d30bc0e850.rna_seq.augmented_star_gene_counts.tsv	Transcriptome Profiling	Gene Expression Quantification	TCGA-HNSC	TCGA-CV-7255	TCGA-CV-7255-11A	Normal	Not Applicable	Solid Tissue	Unknown
fd434c3e-120b-4e22-bd02-25e97f36fb1e	748b6e0b-2368-4d58-9e1c-06b438a2b9e8.rna_seq.augmented_star_gene_counts.tsv	Transcriptome Profiling	Gene Expression Quantification	TCGA-HNSC	TCGA-CV-7255	TCGA-CV-7255-01A	Tumor	Primary	Solid Tissue	Unknown
c0d34a08-d870-45e2-94c5-24e45d1f1356	202c962b-eb8c-49fc-af4b-afccfdcd76be.rna_seq.augmented_star_gene_counts.tsv	Transcriptome Profiling	Gene Expression Quantification	TCGA-HNSC	TCGA-CV-A45X	TCGA-CV-A45X-01A	Tumor	Primary	Solid Tissue	OCT
1d209e9f-bec9-4d4d-9805-837ebd62c103	7def548f-8d54-41a3-a6b7-99b2f2abc894.rna_seq.augmented_star_gene_counts.tsv	Transcriptome Profiling	Gene Expression Quantification	TCGA-HNSC	TCGA-CV-6955	TCGA-CV-6955-01A	Tumor	Primary	Solid Tissue	Unknown
33450be4-919f-4142-9650-813eb72f1870	a44e1a59-b04a-4581-8657-3476ae4019c3.rna_seq.augmented_star_gene_counts.tsv	Transcriptome Profiling	Gene Expression Quantification	TCGA-HNSC	TCGA-CV-6955	TCGA-CV-6955-11A	Normal	Not Applicable	Solid Tissue	Unknown
727176ff-b360-45b6-9f18-cc18cace6961	77854a12-9ce0-45d8-a530-9172bdf9c18b.rna_seq.augmented_star_gene_counts.tsv	Transcriptome Profiling	Gene Expression Quantification	TCGA-HNSC	TCGA-BA-A6D8	TCGA-BA-A6D8-01A	Tumor	Primary	Solid Tissue	Unknown
049fed5d-ea56-4406-8db9-0118d23c490b	0cc54997-16b1-41ec-9e22-e9618a890158.rna_seq.augmented_star_gene_counts.tsv	Transcriptome Profiling	Gene Expression Quantification	TCGA-HNSC	TCGA-CV-6936	TCGA-CV-6936-11A	Normal	Not Applicable	Solid Tissue	Unknown
749e19d2-4962-4546-b236-5232fee78446	d0c25faf-8edb-4f10-874d-dd554d04284b.rna_seq.augmented_star_gene_counts.tsv	Transcriptome Profiling	Gene Expression Quantification	TCGA-HNSC	TCGA-CN-4733	TCGA-CN-4733-01A	Tumor	Primary	Solid Tissue	Unknown
919ad647-d821-45d7-ad7c-bc4078f6dc83	b6590233-22ad-43cc-aaad-703ae738d1a8.rna_seq.augmented_star_gene_counts.tsv	Transcriptome Profiling	Gene Expression Quantification	TCGA-HNSC	TCGA-CV-6951	TCGA-CV-6951-01A	Tumor	Primary	Solid Tissue	Unknown
5707cde1-035e-4661-b85d-c459e98297c2	7a38eb16-f93c-4e96-b9bd-e7c83ddec387.rna_seq.augmented_star_gene_counts.tsv	Transcriptome Profiling	Gene Expression Quantification	TCGA-HNSC	TCGA-CV-7253	TCGA-CV-7253-01A	Tumor	Primary	Solid Tissue	Unknown
41542898-f98a-4e0f-b4cf-e7153a39acb7	e585ef21-8c60-48c3-a6cb-fa685d0c6a7d.rna_seq.augmented_star_gene_counts.tsv	Transcriptome Profiling	Gene Expression Quantification	TCGA-HNSC	TCGA-CQ-6219	TCGA-CQ-6219-01A	Tumor	Primary	Solid Tissue	Unknown
21313b5a-fa60-4113-bd3e-f1aaf595323a	a759f368-4b3f-4266-8a63-156eba7c1e61.rna_seq.augmented_star_gene_counts.tsv	Transcriptome Profiling	Gene Expression Quantification	TCGA-HNSC	TCGA-CR-6484	TCGA-CR-6484-01A	Tumor	Primary	Solid Tissue	Unknown
cc5ead11-ada3-4db3-bb08-1a944e497c47	92bb8159-cd5a-4a8f-b881-8a85d28f0b2d.rna_seq.augmented_star_gene_counts.tsv	Transcriptome Profiling	Gene Expression Quantification	TCGA-HNSC	TCGA-CV-7238	TCGA-CV-7238-01A	Tumor	Primary	Solid Tissue	Unknown
9039aef0-3d43-4b37-8508-6135a2616cb5	8a10d762-6fe7-4c0d-81cb-16689954fecd.rna_seq.augmented_star_gene_counts.tsv	Transcriptome Profiling	Gene Expression Quantification	TCGA-HNSC	TCGA-CR-7393	TCGA-CR-7393-01A	Tumor	Primary	Solid Tissue	Unknown
e46b1407-7768-4914-a937-9fad62f0207b	579f5b6e-7915-4801-8078-b583c4b1fc60.rna_seq.augmented_star_gene_counts.tsv	Transcriptome Profiling	Gene Expression Quantification	TCGA-HNSC	TCGA-CV-7243	TCGA-CV-7243-01A	Tumor	Primary	Solid Tissue	Unknown
61ecc8c9-7809-49aa-9c7a-30b269e71c22	b17217f8-a451-4623-88fd-37bb2d6f1112.rna_seq.augmented_star_gene_counts.tsv	Transcriptome Profiling	Gene Expression Quantification	TCGA-HNSC	TCGA-CV-7438	TCGA-CV-7438-01A	Tumor	Primary	Solid Tissue	Unknown
d76c021e-8c55-43cd-84ee-9785a323c29a	725136f6-c497-4c22-951d-c01a36d9bd7e.rna_seq.augmented_star_gene_counts.tsv	Transcriptome Profiling	Gene Expression Quantification	TCGA-HNSC	TCGA-CV-5971	TCGA-CV-5971-01A	Tumor	Primary	Solid Tissue	Unknown
151e8d75-31ae-4cf3-ae8b-f5f105e6363a	d7c088d5-de13-4b11-a69d-a05c11bbb2b0.rna_seq.augmented_star_gene_counts.tsv	Transcriptome Profiling	Gene Expression Quantification	TCGA-HNSC	TCGA-CV-A6JN	TCGA-CV-A6JN-01A	Tumor	Primary	Solid Tissue	Unknown
20dad6c3-80f7-46c9-90a8-313f8eb1b7cb	fa04bd56-96d9-442f-bb62-fa41fdb10bb2.rna_seq.augmented_star_gene_counts.tsv	Transcriptome Profiling	Gene Expression Quantification	TCGA-HNSC	TCGA-CQ-5334	TCGA-CQ-5334-01A	Tumor	Primary	Solid Tissue	Unknown
4053afaa-596a-4a22-bf80-d413794d80e1	0d73996f-867b-4200-9a02-9dc5f55a5177.rna_seq.augmented_star_gene_counts.tsv	Transcriptome Profiling	Gene Expression Quantification	TCGA-HNSC	TCGA-CX-A4AQ	TCGA-CX-A4AQ-01A	Tumor	Primary	Solid Tissue	Unknown
7e9a384d-04ae-4739-9ee4-1e97628b5a58	7afabbc8-6a22-4640-b680-70cbcd3484ad.rna_seq.augmented_star_gene_counts.tsv	Transcriptome Profiling	Gene Expression Quantification	TCGA-HNSC	TCGA-CR-7367	TCGA-CR-7367-01A	Tumor	Primary	Solid Tissue	Unknown
5efe8382-333c-4400-a24e-2dab54ec38b6	07533847-208b-41f3-949b-bc6c91a6c3f3.rna_seq.augmented_star_gene_counts.tsv	Transcriptome Profiling	Gene Expression Quantification	TCGA-HNSC	TCGA-CR-7373	TCGA-CR-7373-01A	Tumor	Primary	Solid Tissue	Unknown
c9c4cad8-754c-428d-8e21-6e6806fe54fe	5b2880f4-1346-462e-b832-d37da84af634.rna_seq.augmented_star_gene_counts.tsv	Transcriptome Profiling	Gene Expression Quantification	TCGA-HNSC	TCGA-CV-7252	TCGA-CV-7252-11A	Normal	Not Applicable	Solid Tissue	Unknown
f67853ac-b2db-4782-96f3-1d0338fac60d	6816df96-8498-44ae-b6bb-c687f322b6e3.rna_seq.augmented_star_gene_counts.tsv	Transcriptome Profiling	Gene Expression Quantification	TCGA-HNSC	TCGA-CV-7252	TCGA-CV-7252-01A	Tumor	Primary	Solid Tissue	Unknown
4f74695e-ef5a-49c1-a813-6d65f223d7e5	50540567-2f02-41c1-b09d-7885c9c64e7f.rna_seq.augmented_star_gene_counts.tsv	Transcriptome Profiling	Gene Expression Quantification	TCGA-HNSC	TCGA-CV-5976	TCGA-CV-5976-01A	Tumor	Primary	Solid Tissue	Unknown
24d7be4b-6e28-466b-a6ee-a514b4d680cf	7a0ce15a-2955-4e6e-8f5f-bc9624312e39.rna_seq.augmented_star_gene_counts.tsv	Transcriptome Profiling	Gene Expression Quantification	TCGA-HNSC	TCGA-CV-6933	TCGA-CV-6933-01A	Tumor	Primary	Solid Tissue	Unknown
46c49b3e-0cf1-4c97-b6aa-205043d0d34b	4448681e-ab96-4ee1-b5ef-0cfb5921bb41.rna_seq.augmented_star_gene_counts.tsv	Transcriptome Profiling	Gene Expression Quantification	TCGA-HNSC	TCGA-CX-7085	TCGA-CX-7085-01A	Tumor	Primary	Solid Tissue	Unknown
3a3344f6-76e1-43b7-9f23-591642400ae3	0cb88be8-91f9-48c3-95f3-02c667df71a5.rna_seq.augmented_star_gene_counts.tsv	Transcriptome Profiling	Gene Expression Quantification	TCGA-HNSC	TCGA-CV-6960	TCGA-CV-6960-11A	Normal	Not Applicable	Solid Tissue	Unknown
08c1c957-1ef0-48c2-8131-e1e9f29f9b02	6de014e5-5283-42d9-996f-78a3a71202c5.rna_seq.augmented_star_gene_counts.tsv	Transcriptome Profiling	Gene Expression Quantification	TCGA-HNSC	TCGA-HD-7832	TCGA-HD-7832-01A	Tumor	Primary	Solid Tissue	Unknown
c2d0bb8c-05d3-4eb9-9782-aaf4f9e91353	65810d98-a5d6-412e-868e-9da261673d9f.rna_seq.augmented_star_gene_counts.tsv	Transcriptome Profiling	Gene Expression Quantification	TCGA-HNSC	TCGA-QK-A6IG	TCGA-QK-A6IG-01A	Tumor	Primary	Solid Tissue	Unknown
2cafd44f-2e38-40d5-937a-d122886ef8e7	b7c5a9d4-1fc1-46a5-a86a-e3c4f38f85df.rna_seq.augmented_star_gene_counts.tsv	Transcriptome Profiling	Gene Expression Quantification	TCGA-HNSC	TCGA-CN-A498	TCGA-CN-A498-01A	Tumor	Primary	Solid Tissue	Unknown
1b15bd5b-b25e-45e4-9dc1-c4aed2dac1a5	923f7cd6-2652-4806-995e-48b7e724dc66.rna_seq.augmented_star_gene_counts.tsv	Transcriptome Profiling	Gene Expression Quantification	TCGA-HNSC	TCGA-CV-7236	TCGA-CV-7236-01A	Tumor	Primary	Solid Tissue	Unknown
23b668a7-cfdd-4785-ba3c-3af60184803c	a6e75a2e-6b13-42e3-aca3-7421a4367498.rna_seq.augmented_star_gene_counts.tsv	Transcriptome Profiling	Gene Expression Quantification	TCGA-HNSC	TCGA-CN-6995	TCGA-CN-6995-01A	Tumor	Primary	Solid Tissue	Unknown
aed9e1a3-8037-40a6-9ced-64e414467718	0e69512d-90ed-4ae7-8b53-3a5703eb0237.rna_seq.augmented_star_gene_counts.tsv	Transcriptome Profiling	Gene Expression Quantification	TCGA-HNSC	TCGA-QK-A6II	TCGA-QK-A6II-01A	Tumor	Primary	Solid Tissue	Unknown
a6095079-12c7-4de0-a779-e1c639db5541	713a8a63-9dec-4b0f-86d7-6b620541c1e2.rna_seq.augmented_star_gene_counts.tsv	Transcriptome Profiling	Gene Expression Quantification	TCGA-HNSC	TCGA-CV-6961	TCGA-CV-6961-01A	Tumor	Primary	Solid Tissue	Unknown
01d607fe-fc0b-441f-9528-8495666cd83e	8ccd8cbb-c886-4fc4-b3d2-19476681da78.rna_seq.augmented_star_gene_counts.tsv	Transcriptome Profiling	Gene Expression Quantification	TCGA-HNSC	TCGA-CV-6961	TCGA-CV-6961-11A	Normal	Not Applicable	Solid Tissue	Unknown
10d2df0b-08ca-4eff-9e42-b23620a214fe	a350fc85-f426-42c9-9ef7-f7e06b132673.rna_seq.augmented_star_gene_counts.tsv	Transcriptome Profiling	Gene Expression Quantification	TCGA-HNSC	TCGA-CN-4742	TCGA-CN-4742-01A	Tumor	Primary	Solid Tissue	Unknown
a06c91ef-ed4b-42d4-9edf-1df4722fba4f	2e7efc6b-4bcc-4769-9cf4-9a41069c6778.rna_seq.augmented_star_gene_counts.tsv	Transcriptome Profiling	Gene Expression Quantification	TCGA-HNSC	TCGA-P3-A5QF	TCGA-P3-A5QF-01A	Tumor	Primary	Solid Tissue	OCT
aea0d82e-1955-43f7-b3c9-4299a2f7a456	20a46b1c-b901-44cb-96e2-adb083059e03.rna_seq.augmented_star_gene_counts.tsv	Transcriptome Profiling	Gene Expression Quantification	TCGA-HNSC	TCGA-CR-7372	TCGA-CR-7372-01A	Tumor	Primary	Solid Tissue	Unknown
8c4a7f36-f25b-449a-87e9-e413a35cbca6	8e470a30-68ca-4bf7-aeae-6d884c300c27.rna_seq.augmented_star_gene_counts.tsv	Transcriptome Profiling	Gene Expression Quantification	TCGA-HNSC	TCGA-CN-6996	TCGA-CN-6996-01A	Tumor	Primary	Solid Tissue	Unknown
3a7dfe12-5054-4679-a560-6c8bb9230614	aa39d1fe-f81d-43d1-8da7-caf8030f76e7.rna_seq.augmented_star_gene_counts.tsv	Transcriptome Profiling	Gene Expression Quantification	TCGA-HNSC	TCGA-CV-A6JZ	TCGA-CV-A6JZ-01A	Tumor	Primary	Solid Tissue	Unknown
ac1b4443-36d4-4cb0-8297-6edae4520c9d	fdcd32e4-2c80-4215-a64f-9e33d5eb68db.rna_seq.augmented_star_gene_counts.tsv	Transcriptome Profiling	Gene Expression Quantification	TCGA-HNSC	TCGA-CV-6934	TCGA-CV-6934-11A	Normal	Not Applicable	Solid Tissue	Unknown
edf5ea47-414a-4e58-be4e-942e749a4733	778c044c-a40b-4dc3-a109-ec33a8ffef4d.rna_seq.augmented_star_gene_counts.tsv	Transcriptome Profiling	Gene Expression Quantification	TCGA-HNSC	TCGA-CV-6934	TCGA-CV-6934-01A	Tumor	Primary	Solid Tissue	Unknown
382c3d30-4a8f-4173-8b28-38795909bd34	e0a2dde1-3c62-4630-9984-2390aac84b86.rna_seq.augmented_star_gene_counts.tsv	Transcriptome Profiling	Gene Expression Quantification	TCGA-HNSC	TCGA-D6-A4Z9	TCGA-D6-A4Z9-01A	Tumor	Primary	Solid Tissue	Unknown
7c415019-de42-47b3-b2d9-31190418e857	f438f909-8356-4da5-aa6a-321588c3486a.rna_seq.augmented_star_gene_counts.tsv	Transcriptome Profiling	Gene Expression Quantification	TCGA-HNSC	TCGA-DQ-5625	TCGA-DQ-5625-01A	Tumor	Primary	Solid Tissue	Unknown
9cd8121a-2c9d-4a60-9235-8f3f5702b5cc	e4345398-dec9-492f-8108-83e336bb2e12.rna_seq.augmented_star_gene_counts.tsv	Transcriptome Profiling	Gene Expression Quantification	TCGA-HNSC	TCGA-CQ-6227	TCGA-CQ-6227-01A	Tumor	Primary	Solid Tissue	Unknown
1f715b37-49a7-4b68-8787-10c28dc71039	fb07c4dc-76f8-4772-a9e0-f29afa67707e.rna_seq.augmented_star_gene_counts.tsv	Transcriptome Profiling	Gene Expression Quantification	TCGA-HNSC	TCGA-CR-6491	TCGA-CR-6491-01A	Tumor	Primary	Solid Tissue	Unknown
39e5693d-d4b9-424d-83fa-c8a4bf0a02b4	6b1b3978-fae0-4864-9c1a-90e64384e381.rna_seq.augmented_star_gene_counts.tsv	Transcriptome Profiling	Gene Expression Quantification	TCGA-HNSC	TCGA-CR-7390	TCGA-CR-7390-01A	Tumor	Primary	Solid Tissue	Unknown
7eb3d86e-0bd6-4f3d-b4fe-c4702b46ac5e	300cd155-2964-45e5-86e5-68e83fb3e37d.rna_seq.augmented_star_gene_counts.tsv	Transcriptome Profiling	Gene Expression Quantification	TCGA-HNSC	TCGA-CV-A465	TCGA-CV-A465-01A	Tumor	Primary	Solid Tissue	OCT
6c1d8dd9-cc41-49d3-b25c-7c49ea9deac8	6abf9076-5207-46fc-beac-19afb838a0af.rna_seq.augmented_star_gene_counts.tsv	Transcriptome Profiling	Gene Expression Quantification	TCGA-HNSC	TCGA-BA-6871	TCGA-BA-6871-01A	Tumor	Primary	Solid Tissue	Unknown
ecffbb22-a57d-4250-937c-d8a73a93d97e	cac96e0f-a090-4384-9c98-f2b429f48311.rna_seq.augmented_star_gene_counts.tsv	Transcriptome Profiling	Gene Expression Quantification	TCGA-HNSC	TCGA-CN-6024	TCGA-CN-6024-01A	Tumor	Primary	Solid Tissue	Unknown
041aeb93-f142-40c9-a878-2a10d3d1d2cf	054bcc02-0463-4a2f-94a7-b268c15a47d4.rna_seq.augmented_star_gene_counts.tsv	Transcriptome Profiling	Gene Expression Quantification	TCGA-HNSC	TCGA-CV-7416	TCGA-CV-7416-01A	Tumor	Primary	Solid Tissue	Unknown
c04eb652-77ed-4acc-8303-38d623e3cd28	2cf1397e-7b03-48c7-8b37-68a8d59eaffb.rna_seq.augmented_star_gene_counts.tsv	Transcriptome Profiling	Gene Expression Quantification	TCGA-HNSC	TCGA-DQ-7588	TCGA-DQ-7588-01A	Tumor	Primary	Solid Tissue	Unknown
69252a54-bbd0-4e93-a936-6dcb920acfb3	d1d934ef-2e6d-4d28-8418-9a0b5ef66c0c.rna_seq.augmented_star_gene_counts.tsv	Transcriptome Profiling	Gene Expression Quantification	TCGA-HNSC	TCGA-CV-7435	TCGA-CV-7435-01A	Tumor	Primary	Solid Tissue	Unknown
c10a8f09-e01d-4321-a0d8-a909418fb8e3	a7304254-e80c-4975-a56d-d0362c29f72c.rna_seq.augmented_star_gene_counts.tsv	Transcriptome Profiling	Gene Expression Quantification	TCGA-HNSC	TCGA-HD-A6I0	TCGA-HD-A6I0-11A	Normal	Not Applicable	Solid Tissue	Unknown
3b566d79-cc7f-4bfc-a18d-c3598f87035a	d3feaf5b-68fd-4df3-a30f-af8fcd5a5ed8.rna_seq.augmented_star_gene_counts.tsv	Transcriptome Profiling	Gene Expression Quantification	TCGA-HNSC	TCGA-CV-6938	TCGA-CV-6938-11A	Normal	Not Applicable	Solid Tissue	Unknown
b78ac464-2435-4d29-b287-61383ee4aecb	2b972d57-78e5-4ca8-95cf-236226255a23.rna_seq.augmented_star_gene_counts.tsv	Transcriptome Profiling	Gene Expression Quantification	TCGA-HNSC	TCGA-CV-7427	TCGA-CV-7427-01A	Tumor	Primary	Solid Tissue	Unknown
a95ddac7-9b25-4bd5-912a-9fa6c537b10b	46ce5212-60ec-4cce-935f-2d24bef60d95.rna_seq.augmented_star_gene_counts.tsv	Transcriptome Profiling	Gene Expression Quantification	TCGA-HNSC	TCGA-D6-A6EO	TCGA-D6-A6EO-01A	Tumor	Primary	Solid Tissue	OCT
4dc4c39e-b7aa-4575-90b7-e82d0d722761	6aec4fc0-1ef4-4fe6-84d6-87da7ba0858e.rna_seq.augmented_star_gene_counts.tsv	Transcriptome Profiling	Gene Expression Quantification	TCGA-HNSC	TCGA-CQ-5327	TCGA-CQ-5327-01A	Tumor	Primary	Solid Tissue	Unknown
72fd70e4-4c48-42a4-b77d-39a524fe517d	80bc6ed2-f817-49e0-9301-8aaf0b0bbc62.rna_seq.augmented_star_gene_counts.tsv	Transcriptome Profiling	Gene Expression Quantification	TCGA-HNSC	TCGA-F7-A50J	TCGA-F7-A50J-01A	Tumor	Primary	Solid Tissue	OCT
4eda7674-c779-437a-9a7d-63952954d0ac	c5657390-ce41-4859-beae-2e1e0017d8f6.rna_seq.augmented_star_gene_counts.tsv	Transcriptome Profiling	Gene Expression Quantification	TCGA-HNSC	TCGA-CV-6948	TCGA-CV-6948-01A	Tumor	Primary	Solid Tissue	Unknown
44d502d5-9e0b-4548-8ac3-e4a46b4bbb3f	7f9dfe15-f3b9-45d3-ade7-817b35c2d994.rna_seq.augmented_star_gene_counts.tsv	Transcriptome Profiling	Gene Expression Quantification	TCGA-HNSC	TCGA-CV-6950	TCGA-CV-6950-01A	Tumor	Primary	Solid Tissue	Unknown
eb358d94-4cba-4f14-ba44-a8fdaa4140a2	659d9be2-2d4e-4d05-a5f5-7f26a8d2d4e9.rna_seq.augmented_star_gene_counts.tsv	Transcriptome Profiling	Gene Expression Quantification	TCGA-HNSC	TCGA-BA-A6DE	TCGA-BA-A6DE-01A	Tumor	Primary	Solid Tissue	Unknown
b3631beb-6a25-46c9-a2f0-88e35eb6bc00	b923c212-85c5-4a3b-a7ce-5561582ca55f.rna_seq.augmented_star_gene_counts.tsv	Transcriptome Profiling	Gene Expression Quantification	TCGA-HNSC	TCGA-CV-7238	TCGA-CV-7238-11A	Normal	Not Applicable	Solid Tissue	Unknown
bdf4c1e7-f823-4828-ac05-e8b0608a2a11	f914722f-f73b-4da6-801d-aa771d3afc3c.rna_seq.augmented_star_gene_counts.tsv	Transcriptome Profiling	Gene Expression Quantification	TCGA-HNSC	TCGA-C9-A47Z	TCGA-C9-A47Z-01A	Tumor	Primary	Solid Tissue	OCT
14456850-fe81-41f4-bcbb-eff9e48d04d7	07120540-2f4e-48d3-9354-a82b658ad6f5.rna_seq.augmented_star_gene_counts.tsv	Transcriptome Profiling	Gene Expression Quantification	TCGA-HNSC	TCGA-BB-7861	TCGA-BB-7861-01A	Tumor	Primary	Solid Tissue	Unknown
7a135d57-ce55-46bc-99d3-d7acf7c2751a	9d1c4e41-2ef6-4cac-98c0-e34dc8d01736.rna_seq.augmented_star_gene_counts.tsv	Transcriptome Profiling	Gene Expression Quantification	TCGA-HNSC	TCGA-D6-6825	TCGA-D6-6825-01A	Tumor	Primary	Solid Tissue	Unknown
0508b025-15b5-4012-b1b1-530d329eeec9	8598c338-e04c-4a8a-92da-1ef545a6ca45.rna_seq.augmented_star_gene_counts.tsv	Transcriptome Profiling	Gene Expression Quantification	TCGA-HNSC	TCGA-CR-7401	TCGA-CR-7401-01A	Tumor	Primary	Solid Tissue	Unknown
ef3eab99-6232-4f1c-83aa-cc8dcd425c9a	d077ac9a-e7f8-485c-a32b-824d59177f08.rna_seq.augmented_star_gene_counts.tsv	Transcriptome Profiling	Gene Expression Quantification	TCGA-HNSC	TCGA-BA-5152	TCGA-BA-5152-01A	Tumor	Primary	Solid Tissue	Unknown
7cb360b5-2a40-406b-a991-8f8a5a4e22bd	9c48aaa6-3d71-47aa-af9b-c5a0e89b0045.rna_seq.augmented_star_gene_counts.tsv	Transcriptome Profiling	Gene Expression Quantification	TCGA-HNSC	TCGA-CV-5977	TCGA-CV-5977-01A	Tumor	Primary	Solid Tissue	Unknown
622b94ac-8bef-4606-8dcb-5ec6eeba3dfe	d80870b7-539d-4b03-b205-9becaaaf6921.rna_seq.augmented_star_gene_counts.tsv	Transcriptome Profiling	Gene Expression Quantification	TCGA-HNSC	TCGA-CV-A45P	TCGA-CV-A45P-01A	Tumor	Primary	Solid Tissue	OCT
8a0f7072-476a-41b3-aaf9-8c053cbefdae	20ef5a34-bfc8-4e7d-bcdf-3c08a54cd0cc.rna_seq.augmented_star_gene_counts.tsv	Transcriptome Profiling	Gene Expression Quantification	TCGA-HNSC	TCGA-CV-5979	TCGA-CV-5979-01A	Tumor	Primary	Solid Tissue	Unknown
b6a38e2a-0044-4d7c-a223-1bf169d4e088	298480f0-283e-4f33-8d94-349e14c398c0.rna_seq.augmented_star_gene_counts.tsv	Transcriptome Profiling	Gene Expression Quantification	TCGA-HNSC	TCGA-CV-6933	TCGA-CV-6933-11A	Normal	Not Applicable	Solid Tissue	Unknown
a7f46029-9c1a-49bd-88ab-61664e345f97	de53dd9c-416a-492f-89bf-a79866fd3f2d.rna_seq.augmented_star_gene_counts.tsv	Transcriptome Profiling	Gene Expression Quantification	TCGA-HNSC	TCGA-CV-A464	TCGA-CV-A464-01A	Tumor	Primary	Solid Tissue	OCT
beec4ce7-c642-4d08-8f2d-ea3b4856f07f	8f6f0f75-9f19-4016-ad7e-311bd1c01369.rna_seq.augmented_star_gene_counts.tsv	Transcriptome Profiling	Gene Expression Quantification	TCGA-HNSC	TCGA-CV-6960	TCGA-CV-6960-01A	Tumor	Primary	Solid Tissue	Unknown
405ee967-a2fb-401b-82d5-f029bc0b2e68	ae420dd3-e666-4c4e-aaa7-fc7ff62f3121.rna_seq.augmented_star_gene_counts.tsv	Transcriptome Profiling	Gene Expression Quantification	TCGA-HNSC	TCGA-CV-6942	TCGA-CV-6942-01A	Tumor	Primary	Solid Tissue	Unknown
5df6ebd2-2049-436d-b845-86674a084db5	dcf4f9ca-827b-4b69-9675-f00868b3af1e.rna_seq.augmented_star_gene_counts.tsv	Transcriptome Profiling	Gene Expression Quantification	TCGA-HNSC	TCGA-MT-A51X	TCGA-MT-A51X-01A	Tumor	Primary	Solid Tissue	OCT
59531f37-b664-4e6a-982f-48a5ee901a41	f28c44cf-ea7f-454c-ac44-a7d9dc82464c.rna_seq.augmented_star_gene_counts.tsv	Transcriptome Profiling	Gene Expression Quantification	TCGA-HNSC	TCGA-BA-6872	TCGA-BA-6872-01A	Tumor	Primary	Solid Tissue	Unknown
37c03292-c234-4213-8b85-82dbf675248b	003a812a-3e6b-413f-b1ec-37f4a31d4684.rna_seq.augmented_star_gene_counts.tsv	Transcriptome Profiling	Gene Expression Quantification	TCGA-HNSC	TCGA-CV-6003	TCGA-CV-6003-01A	Tumor	Primary	Solid Tissue	Unknown
22ba6691-d4b9-4067-9acd-17cf251d89b7	8ae968b8-8b1f-433a-8d92-5ea3413bd4be.rna_seq.augmented_star_gene_counts.tsv	Transcriptome Profiling	Gene Expression Quantification	TCGA-HNSC	TCGA-CV-7429	TCGA-CV-7429-01A	Tumor	Primary	Solid Tissue	Unknown
b4b4e9e2-b661-4968-a347-4d6086cd0cbf	5d8d3faf-48b2-4e58-9735-4c4759dd225b.rna_seq.augmented_star_gene_counts.tsv	Transcriptome Profiling	Gene Expression Quantification	TCGA-HNSC	TCGA-CV-A6JD	TCGA-CV-A6JD-01A	Tumor	Primary	Solid Tissue	Unknown
2f31d626-547f-4163-a934-4550c7302dc5	e6c8e8c5-320d-48c7-bda7-0926977c1fb7.rna_seq.augmented_star_gene_counts.tsv	Transcriptome Profiling	Gene Expression Quantification	TCGA-HNSC	TCGA-CR-7380	TCGA-CR-7380-01A	Tumor	Primary	Solid Tissue	Unknown
1f40b3db-3351-4dbc-8560-5c5b6a0e0def	a057783d-e497-4985-bcc7-0ae48388c883.rna_seq.augmented_star_gene_counts.tsv	Transcriptome Profiling	Gene Expression Quantification	TCGA-HNSC	TCGA-CQ-A4C6	TCGA-CQ-A4C6-01A	Tumor	Primary	Solid Tissue	Unknown
44fafd9e-b603-48f0-86ec-2022601f139f	1c15d5d5-c021-41cf-b1fb-2f7e32279674.rna_seq.augmented_star_gene_counts.tsv	Transcriptome Profiling	Gene Expression Quantification	TCGA-HNSC	TCGA-CV-6441	TCGA-CV-6441-01A	Tumor	Primary	Solid Tissue	Unknown
28049154-f1db-4b0e-9cbc-4bdd5a745d46	74335935-98df-47b5-bc64-c5344b25c332.rna_seq.augmented_star_gene_counts.tsv	Transcriptome Profiling	Gene Expression Quantification	TCGA-HNSC	TCGA-CN-5370	TCGA-CN-5370-01A	Tumor	Primary	Solid Tissue	Unknown
01392dce-a8df-4803-aa61-d14956d801a4	1296f6cf-ced5-42ce-9aac-0d30eb630f1a.rna_seq.augmented_star_gene_counts.tsv	Transcriptome Profiling	Gene Expression Quantification	TCGA-HNSC	TCGA-CV-7102	TCGA-CV-7102-01A	Tumor	Primary	Solid Tissue	Unknown
cec32dbb-d343-44b8-a816-9c616d23c16a	4d0dcf46-3239-4079-a378-36805f0b4407.rna_seq.augmented_star_gene_counts.tsv	Transcriptome Profiling	Gene Expression Quantification	TCGA-HNSC	TCGA-CV-7411	TCGA-CV-7411-01A	Tumor	Primary	Solid Tissue	Unknown
bb40fdc5-b4bc-4314-b8f0-9c98954fc5ef	838366c0-4d5a-4937-b207-48830be359c1.rna_seq.augmented_star_gene_counts.tsv	Transcriptome Profiling	Gene Expression Quantification	TCGA-HNSC	TCGA-CV-7434	TCGA-CV-7434-11A	Normal	Not Applicable	Solid Tissue	Unknown
46602657-873c-4a6b-86e3-fb0f75eee3e2	72aa6a1e-b0af-4cbd-8e3f-178e70fd76a5.rna_seq.augmented_star_gene_counts.tsv	Transcriptome Profiling	Gene Expression Quantification	TCGA-HNSC	TCGA-CQ-5324	TCGA-CQ-5324-01A	Tumor	Primary	Solid Tissue	Unknown
07f3248f-4c22-441e-8b7e-18a77064d984	0a669eee-5610-4b4d-af54-7fc85a0bab8f.rna_seq.augmented_star_gene_counts.tsv	Transcriptome Profiling	Gene Expression Quantification	TCGA-HNSC	TCGA-CQ-A4CB	TCGA-CQ-A4CB-01A	Tumor	Primary	Solid Tissue	Unknown
897b51e4-4451-4912-afc3-4866a618573d	d49e00ed-2b3a-43c9-beb1-34be64f6d386.rna_seq.augmented_star_gene_counts.tsv	Transcriptome Profiling	Gene Expression Quantification	TCGA-HNSC	TCGA-P3-A5QA	TCGA-P3-A5QA-01A	Tumor	Primary	Solid Tissue	OCT
f8eaf87f-8ab3-4d10-954e-eb4e4a4e0b82	8f3b7aef-4540-411c-95b4-8e75add65847.rna_seq.augmented_star_gene_counts.tsv	Transcriptome Profiling	Gene Expression Quantification	TCGA-HNSC	TCGA-CN-6994	TCGA-CN-6994-01A	Tumor	Primary	Solid Tissue	Unknown
3b799ba8-b92c-4569-ae57-08bda7449f25	5d0f348a-2541-4ff2-92df-daa9a9a851fd.rna_seq.augmented_star_gene_counts.tsv	Transcriptome Profiling	Gene Expression Quantification	TCGA-HNSC	TCGA-CR-7391	TCGA-CR-7391-01A	Tumor	Primary	Solid Tissue	Unknown
c45e4ae1-3b59-491a-b0d3-e8560e0d42a0	9eac6179-51a9-49f4-885e-e1ca8ead4056.rna_seq.augmented_star_gene_counts.tsv	Transcriptome Profiling	Gene Expression Quantification	TCGA-HNSC	TCGA-CV-6952	TCGA-CV-6952-01A	Tumor	Primary	Solid Tissue	Unknown
28a3b4b9-ee0e-4554-8c5d-9fe619e81564	eb0e6381-873f-43cc-a78a-22fb5dd7c9b0.rna_seq.augmented_star_gene_counts.tsv	Transcriptome Profiling	Gene Expression Quantification	TCGA-HNSC	TCGA-CQ-6221	TCGA-CQ-6221-01A	Tumor	Primary	Solid Tissue	Unknown
16680c4f-fb49-4bd0-ba7c-58f132ca77f3	bf267abc-f008-4121-a0d6-039adfdbfb08.rna_seq.augmented_star_gene_counts.tsv	Transcriptome Profiling	Gene Expression Quantification	TCGA-HNSC	TCGA-CV-7568	TCGA-CV-7568-01A	Tumor	Primary	Solid Tissue	Unknown
3a2fdca3-c3b9-4f71-8f9c-f00970d318fd	ea380b21-3385-4169-8872-2223c82c4d21.rna_seq.augmented_star_gene_counts.tsv	Transcriptome Profiling	Gene Expression Quantification	TCGA-HNSC	TCGA-CQ-7067	TCGA-CQ-7067-01A	Tumor	Primary	Solid Tissue	Unknown
6adeb3ef-4d4d-4e3f-945e-c4e39fad122d	68617c39-3baa-4f30-9ad1-ae550ff38cd9.rna_seq.augmented_star_gene_counts.tsv	Transcriptome Profiling	Gene Expression Quantification	TCGA-HNSC	TCGA-HD-8635	TCGA-HD-8635-11A	Normal	Not Applicable	Solid Tissue	Unknown
bb140b85-ab50-48ff-92e2-e8575b717cea	41e061eb-8cae-44fc-a6fa-8eac6961819b.rna_seq.augmented_star_gene_counts.tsv	Transcriptome Profiling	Gene Expression Quantification	TCGA-HNSC	TCGA-QK-AA3K	TCGA-QK-AA3K-01A	Tumor	Primary	Solid Tissue	OCT
dfe94936-7310-488f-87bf-22e6a7b3078f	35c312a3-b0b7-4f73-82c6-0e110c1e8f44.rna_seq.augmented_star_gene_counts.tsv	Transcriptome Profiling	Gene Expression Quantification	TCGA-HNSC	TCGA-CR-7368	TCGA-CR-7368-01A	Tumor	Primary	Solid Tissue	Unknown
51d2bbc3-8240-458b-9feb-0d9808fa1646	42c01286-ab49-4d6e-ad9a-4579d2f94f2d.rna_seq.augmented_star_gene_counts.tsv	Transcriptome Profiling	Gene Expression Quantification	TCGA-HNSC	TCGA-CQ-A4CH	TCGA-CQ-A4CH-01A	Tumor	Primary	Solid Tissue	Unknown
459912ae-ae3b-4066-8e8a-ca2842e82f41	abf51d0e-0d4c-4636-b159-784a0661cd63.rna_seq.augmented_star_gene_counts.tsv	Transcriptome Profiling	Gene Expression Quantification	TCGA-HNSC	TCGA-BB-A5HZ	TCGA-BB-A5HZ-01A	Tumor	Primary	Solid Tissue	Unknown
6aec3b4a-e423-4fba-9286-e639d252415b	1fdd899b-5674-4d3c-a2c9-79769c38eb3b.rna_seq.augmented_star_gene_counts.tsv	Transcriptome Profiling	Gene Expression Quantification	TCGA-HNSC	TCGA-CR-6492	TCGA-CR-6492-01A	Tumor	Primary	Solid Tissue	Unknown
4c1a19bb-cfee-4556-9445-adfccd73c738	edffdfac-f4ac-47d6-96f8-cb56b8745dac.rna_seq.augmented_star_gene_counts.tsv	Transcriptome Profiling	Gene Expression Quantification	TCGA-HNSC	TCGA-BA-7269	TCGA-BA-7269-01A	Tumor	Primary	Solid Tissue	Unknown
9eda745e-b182-4611-a4a6-242db8a07337	0269349e-aab4-459d-8a8b-99534c01c90e.rna_seq.augmented_star_gene_counts.tsv	Transcriptome Profiling	Gene Expression Quantification	TCGA-HNSC	TCGA-D6-A4ZB	TCGA-D6-A4ZB-01A	Tumor	Primary	Solid Tissue	Unknown
745aa662-a927-4863-80d2-7b9f222d708d	ff7a7f2e-e2dd-491e-b908-4cd0dd7a321c.rna_seq.augmented_star_gene_counts.tsv	Transcriptome Profiling	Gene Expression Quantification	TCGA-HNSC	TCGA-F7-A61V	TCGA-F7-A61V-01A	Tumor	Primary	Solid Tissue	OCT
6f2c8788-2e21-4dc9-b969-eb71027dff62	4c4bd838-9e0d-415e-94fa-2a51a21792ca.rna_seq.augmented_star_gene_counts.tsv	Transcriptome Profiling	Gene Expression Quantification	TCGA-HNSC	TCGA-BB-7863	TCGA-BB-7863-01A	Tumor	Primary	Solid Tissue	Unknown
74d18812-6caa-4398-8d31-e1cde3ac75d3	8f55c9aa-d154-43ef-a752-0193aaa5ab51.rna_seq.augmented_star_gene_counts.tsv	Transcriptome Profiling	Gene Expression Quantification	TCGA-HNSC	TCGA-CV-7254	TCGA-CV-7254-01A	Tumor	Primary	Solid Tissue	Unknown
f8b3eb55-0a76-4f8c-bf8c-f99767c352fd	84c189b8-d7ea-408c-83c0-2eab33fd22c3.rna_seq.augmented_star_gene_counts.tsv	Transcriptome Profiling	Gene Expression Quantification	TCGA-HNSC	TCGA-HD-A4C1	TCGA-HD-A4C1-01A	Tumor	Primary	Solid Tissue	Unknown
10b096a4-78d2-4f80-9792-306cf65c54be	961aedcd-52db-4aa8-94d7-8ad97f3827b1.rna_seq.augmented_star_gene_counts.tsv	Transcriptome Profiling	Gene Expression Quantification	TCGA-HNSC	TCGA-BA-5556	TCGA-BA-5556-01A	Tumor	Primary	Solid Tissue	Unknown
d66293fd-36de-4518-a594-0a56d7299719	f422a5a4-0b88-4625-81a8-5ff5d6210474.rna_seq.augmented_star_gene_counts.tsv	Transcriptome Profiling	Gene Expression Quantification	TCGA-HNSC	TCGA-BA-5558	TCGA-BA-5558-01A	Tumor	Primary	Solid Tissue	Unknown
a40e6f8b-3e87-4a28-9e8c-c092a8d3bae8	4c93d858-84fa-4423-827b-5f4b0dcae904.rna_seq.augmented_star_gene_counts.tsv	Transcriptome Profiling	Gene Expression Quantification	TCGA-HNSC	TCGA-CV-7090	TCGA-CV-7090-01A	Tumor	Primary	Solid Tissue	Unknown
1feab715-ee67-489f-bf47-af5079f2d875	60ba9621-a7cb-4b84-b346-c54dc124c991.rna_seq.augmented_star_gene_counts.tsv	Transcriptome Profiling	Gene Expression Quantification	TCGA-HNSC	TCGA-CV-A6JY	TCGA-CV-A6JY-01A	Tumor	Primary	Solid Tissue	Unknown
b5506833-abd9-4411-b9fd-4516fbc6fafc	e470856d-7498-4944-b474-733af0611aaa.rna_seq.augmented_star_gene_counts.tsv	Transcriptome Profiling	Gene Expression Quantification	TCGA-HNSC	TCGA-HD-7831	TCGA-HD-7831-01A	Tumor	Primary	Solid Tissue	Unknown
25a938ba-21c3-4053-b5e0-f1bbb2eca3df	14337deb-f1c1-4cdf-93b2-40266fa2c83e.rna_seq.augmented_star_gene_counts.tsv	Transcriptome Profiling	Gene Expression Quantification	TCGA-HNSC	TCGA-CV-6945	TCGA-CV-6945-01A	Tumor	Primary	Solid Tissue	Unknown
c8190f3c-3f74-4e88-add7-e82f5def2e63	0456066c-3a77-4795-b6e9-4723fc1650e2.rna_seq.augmented_star_gene_counts.tsv	Transcriptome Profiling	Gene Expression Quantification	TCGA-HNSC	TCGA-CQ-7065	TCGA-CQ-7065-01A	Tumor	Primary	Solid Tissue	Unknown
b944e00d-c119-4bb8-943d-2eb4ea88c410	7feca26c-f91c-4aa1-825a-2210161051a0.rna_seq.augmented_star_gene_counts.tsv	Transcriptome Profiling	Gene Expression Quantification	TCGA-HNSC	TCGA-CV-5970	TCGA-CV-5970-01A	Tumor	Primary	Solid Tissue	Unknown
e5e2751b-3571-4e99-9f34-f7d6612fd1d0	222c1c1b-7e97-403c-bf16-46e67a6715f3.rna_seq.augmented_star_gene_counts.tsv	Transcriptome Profiling	Gene Expression Quantification	TCGA-HNSC	TCGA-CV-7091	TCGA-CV-7091-11A	Normal	Not Applicable	Solid Tissue	Unknown
810270f3-3560-4386-a7b9-bf10fa9fc0d4	1d580915-a57b-4952-9936-810db9ce4c96.rna_seq.augmented_star_gene_counts.tsv	Transcriptome Profiling	Gene Expression Quantification	TCGA-HNSC	TCGA-CN-6017	TCGA-CN-6017-01A	Tumor	Primary	Solid Tissue	Unknown
e18bc3e3-1cfe-4d3e-a503-60272c802bdb	041cd2ad-3b5a-45c9-a901-3eb2a3998a0f.rna_seq.augmented_star_gene_counts.tsv	Transcriptome Profiling	Gene Expression Quantification	TCGA-HNSC	TCGA-CV-7091	TCGA-CV-7091-01A	Tumor	Primary	Solid Tissue	Unknown
107d898c-48d8-4e74-a67f-8b0aaea4fe4a	39b576cb-7c28-40d1-bf9a-bbdbab43d375.rna_seq.augmented_star_gene_counts.tsv	Transcriptome Profiling	Gene Expression Quantification	TCGA-HNSC	TCGA-CV-7235	TCGA-CV-7235-01A	Tumor	Primary	Solid Tissue	Unknown
938c8a89-f60e-45d4-9055-6ef27f73d936	32467e4b-2c19-4b8f-b4da-0982058d7220.rna_seq.augmented_star_gene_counts.tsv	Transcriptome Profiling	Gene Expression Quantification	TCGA-HNSC	TCGA-CV-7235	TCGA-CV-7235-11A	Normal	Not Applicable	Solid Tissue	Unknown
73ba4949-9057-498b-80b5-8b6f70841a8e	10b36266-3877-492d-8ed2-ea129f1e6b2d.rna_seq.augmented_star_gene_counts.tsv	Transcriptome Profiling	Gene Expression Quantification	TCGA-HNSC	TCGA-CV-5442	TCGA-CV-5442-01A	Tumor	Primary	Solid Tissue	Unknown
26186ce9-f0d1-44b4-80b5-729dd6bcd23e	db74d0b6-1bd8-4bfd-a8e9-40b96e883ac1.rna_seq.augmented_star_gene_counts.tsv	Transcriptome Profiling	Gene Expression Quantification	TCGA-HNSC	TCGA-CV-6954	TCGA-CV-6954-01A	Tumor	Primary	Solid Tissue	Unknown
32d7d3ba-a8b4-413d-9cc7-d907daf8b407	1d5ccd61-40d4-4ef9-a9cb-822d0324d755.rna_seq.augmented_star_gene_counts.tsv	Transcriptome Profiling	Gene Expression Quantification	TCGA-HNSC	TCGA-CV-5439	TCGA-CV-5439-01A	Tumor	Primary	Solid Tissue	Unknown
e4e6b6d0-e0d8-4477-bdcc-57daf4468e92	08954bf4-09d7-4702-8d53-8e4c86d31fe2.rna_seq.augmented_star_gene_counts.tsv	Transcriptome Profiling	Gene Expression Quantification	TCGA-HNSC	TCGA-CQ-5325	TCGA-CQ-5325-01A	Tumor	Primary	Solid Tissue	Unknown
e6b99e42-89f2-4666-a76f-1c33b99d0f0e	bbbe5d40-e4e5-4b03-98a6-3743e8bf0b45.rna_seq.augmented_star_gene_counts.tsv	Transcriptome Profiling	Gene Expression Quantification	TCGA-HNSC	TCGA-DQ-7591	TCGA-DQ-7591-01A	Tumor	Primary	Solid Tissue	Unknown
6ff62568-3f20-4552-9fd1-b8e4fc21c42c	3a2cfc92-dd3d-475c-a841-37542aaa1e8d.rna_seq.augmented_star_gene_counts.tsv	Transcriptome Profiling	Gene Expression Quantification	TCGA-HNSC	TCGA-CN-6018	TCGA-CN-6018-01A	Tumor	Primary	Solid Tissue	Unknown
657aad16-3e2f-4934-a5c8-0e5273c20469	840e7696-0620-4eff-b89b-d51c4fa76eab.rna_seq.augmented_star_gene_counts.tsv	Transcriptome Profiling	Gene Expression Quantification	TCGA-HNSC	TCGA-IQ-7632	TCGA-IQ-7632-01A	Tumor	Primary	Solid Tissue	Unknown
24ae1f53-f311-4e0f-9183-b88137a388a9	f4e52c8b-5afd-4cc6-b846-2f3b407d8815.rna_seq.augmented_star_gene_counts.tsv	Transcriptome Profiling	Gene Expression Quantification	TCGA-HNSC	TCGA-CQ-6218	TCGA-CQ-6218-01A	Tumor	Primary	Solid Tissue	Unknown
6931c961-ab7c-49a7-ba4f-d1a91de1d106	68314319-c717-4d9d-8c11-041f07153aab.rna_seq.augmented_star_gene_counts.tsv	Transcriptome Profiling	Gene Expression Quantification	TCGA-HNSC	TCGA-DQ-7594	TCGA-DQ-7594-01A	Tumor	Primary	Solid Tissue	Unknown
832a6186-382d-497b-9ea2-5bf51590c886	bfcd3d46-85ed-4d92-b050-a090b343d838.rna_seq.augmented_star_gene_counts.tsv	Transcriptome Profiling	Gene Expression Quantification	TCGA-HNSC	TCGA-MT-A51W	TCGA-MT-A51W-01A	Tumor	Primary	Solid Tissue	OCT
a1bf61fc-7a12-4b94-9b39-d468a7df361d	d9bf7e07-0073-4fdc-952e-ab9160180871.rna_seq.augmented_star_gene_counts.tsv	Transcriptome Profiling	Gene Expression Quantification	TCGA-HNSC	TCGA-CV-7434	TCGA-CV-7434-01A	Tumor	Primary	Solid Tissue	Unknown
3e1c0989-8575-4d69-88b4-623292093043	9d2e1bb0-f115-4a6a-b856-1c8f165a5be5.rna_seq.augmented_star_gene_counts.tsv	Transcriptome Profiling	Gene Expression Quantification	TCGA-HNSC	TCGA-CV-A45T	TCGA-CV-A45T-01A	Tumor	Primary	Solid Tissue	OCT
2b6ab4b2-454c-4f59-a7da-7019e4012204	5ac381cb-b71e-4436-96b8-1582b0fbcfd2.rna_seq.augmented_star_gene_counts.tsv	Transcriptome Profiling	Gene Expression Quantification	CPTAC-3	C3N-03008	C3N-03008-01	Tumor	Primary	Solid Tissue	Snap Frozen
eb584d61-f55f-4ab8-8207-06a305ea3fa1	f473711e-580d-447b-b93a-13040db5fc14.rna_seq.augmented_star_gene_counts.tsv	Transcriptome Profiling	Gene Expression Quantification	CPTAC-3	C3N-01752	C3N-01752-02	Tumor	Primary	Solid Tissue	Snap Frozen
a5591247-e4a4-4929-a57b-879c691bf496	05c9a203-2a2f-4767-8190-49cf18826b84.rna_seq.augmented_star_gene_counts.tsv	Transcriptome Profiling	Gene Expression Quantification	CPTAC-3	C3N-01754, C3N-01754, C3N-01754	C3N-01754-03, C3N-01754-02, C3N-01754-04	Tumor, Tumor, Tumor	Primary, Primary, Primary	Solid Tissue, Solid Tissue, Solid Tissue	Snap Frozen, Snap Frozen, Snap Frozen
b4940d82-1efc-45e9-a309-1b6193677c27	833cb7cc-7ba9-4a96-b6d9-1fd3563317b3.rna_seq.augmented_star_gene_counts.tsv	Transcriptome Profiling	Gene Expression Quantification	CPTAC-3	C3N-01754	C3N-01754-14	Tumor	Primary	Solid Tissue	Snap Frozen
534d5eaf-5bfd-48cc-b5e2-abd2f8bb285e	cb0b6ca6-4f93-4786-b026-1e663b77f855.rna_seq.augmented_star_gene_counts.tsv	Transcriptome Profiling	Gene Expression Quantification	CPTAC-3	C3N-02695	C3N-02695-12	Tumor	Primary	Solid Tissue	Snap Frozen
11592ecd-1023-489a-a367-d37f7e6e3b90	5c0438ae-eb68-4613-bb06-1254a28f4570.rna_seq.augmented_star_gene_counts.tsv	Transcriptome Profiling	Gene Expression Quantification	CPTAC-3	C3L-00977	C3L-00977-02	Tumor	Primary	Solid Tissue	Snap Frozen
331592c3-0ef2-4b1e-ad9c-107f5dd92880	49407407-1983-4788-8f8d-c0be597f8f28.rna_seq.augmented_star_gene_counts.tsv	Transcriptome Profiling	Gene Expression Quantification	CPTAC-3	C3N-01758	C3N-01758-03	Tumor	Primary	Solid Tissue	Snap Frozen
2ef40a35-a98c-4474-9e94-6d661afb90a2	948198fa-f7da-4dfa-b632-052bee55f41e.rna_seq.augmented_star_gene_counts.tsv	Transcriptome Profiling	Gene Expression Quantification	CPTAC-3	C3L-00987	C3L-00987-11	Tumor	Primary	Solid Tissue	Snap Frozen
ceffc9aa-0223-4f66-a8e8-9c8cbcc0ed49	57443e9a-1907-4269-81bc-0a768fc2d0ec.rna_seq.augmented_star_gene_counts.tsv	Transcriptome Profiling	Gene Expression Quantification	CPTAC-3	C3N-03933	C3N-03933-06	Normal	Not Applicable	Solid Tissue	Snap Frozen
5ecf2320-6d0d-45ad-92d6-d7ab072fd5f3	9bfe1f0c-f85c-4bee-a657-512e3bce8bf1.rna_seq.augmented_star_gene_counts.tsv	Transcriptome Profiling	Gene Expression Quantification	CPTAC-3	C3N-03045	C3N-03045-11	Tumor	Primary	Solid Tissue	Snap Frozen
df9db8a7-005c-48dc-9e72-b626d4548b1a	bfb3a4ae-1dc8-4bf4-8fdd-13d3878f4d32.rna_seq.augmented_star_gene_counts.tsv	Transcriptome Profiling	Gene Expression Quantification	CPTAC-3	C3N-03045	C3N-03045-01	Tumor	Primary	Solid Tissue	Snap Frozen
70da7725-200d-4d95-b0f2-f774c5e24673	63bcb8e7-c0a1-481a-92f9-80bc7d1c4871.rna_seq.augmented_star_gene_counts.tsv	Transcriptome Profiling	Gene Expression Quantification	TCGA-HNSC	TCGA-CV-6956	TCGA-CV-6956-01A	Tumor	Primary	Solid Tissue	Unknown
2448d8d4-198b-42b9-a822-f4fb071de2e7	b32ef3a0-32ec-4e61-96e9-9340b6a36b86.rna_seq.augmented_star_gene_counts.tsv	Transcriptome Profiling	Gene Expression Quantification	TCGA-HNSC	TCGA-CN-6020	TCGA-CN-6020-01A	Tumor	Primary	Solid Tissue	Unknown
5dbdee96-ea4e-4a0c-8ebe-55a99be125d7	6cce95fe-f659-4f46-9cb6-efe5f8a92246.rna_seq.augmented_star_gene_counts.tsv	Transcriptome Profiling	Gene Expression Quantification	TCGA-HNSC	TCGA-CV-6956	TCGA-CV-6956-11A	Normal	Not Applicable	Solid Tissue	Unknown
c87e7072-34b2-4aab-bfb8-0fd61d926fb0	0d71c5a0-b2f3-40b8-a6bc-0dd1d3035fb1.rna_seq.augmented_star_gene_counts.tsv	Transcriptome Profiling	Gene Expression Quantification	TCGA-HNSC	TCGA-D6-6515	TCGA-D6-6515-01A	Tumor	Primary	Solid Tissue	Unknown
36697eb3-31ab-4c81-9f93-5e812fec5ffa	2d830b5f-3499-4555-b686-70e6df233924.rna_seq.augmented_star_gene_counts.tsv	Transcriptome Profiling	Gene Expression Quantification	TCGA-HNSC	TCGA-CV-7178	TCGA-CV-7178-11A	Normal	Not Applicable	Solid Tissue	Unknown
77ba1bb5-9f5b-4db1-a911-19f07adaa0e5	06a864f2-4300-4675-ad8b-511907a93d41.rna_seq.augmented_star_gene_counts.tsv	Transcriptome Profiling	Gene Expression Quantification	TCGA-HNSC	TCGA-CV-7178	TCGA-CV-7178-01A	Tumor	Primary	Solid Tissue	Unknown
a6d8287f-24e7-49bf-87e6-e49a00e3aedb	758da6a7-fa54-4254-921d-abca1f6cafcc.rna_seq.augmented_star_gene_counts.tsv	Transcriptome Profiling	Gene Expression Quantification	TCGA-HNSC	TCGA-CV-7097	TCGA-CV-7097-01A	Tumor	Primary	Solid Tissue	Unknown
68ac1641-5d4d-478b-bec5-a4c9391e3bb1	ab61de7b-a3a5-47c6-8eee-86c1f54a1dd0.rna_seq.augmented_star_gene_counts.tsv	Transcriptome Profiling	Gene Expression Quantification	TCGA-HNSC	TCGA-CV-7097	TCGA-CV-7097-11A	Normal	Not Applicable	Solid Tissue	Unknown
47b9ed0d-d680-458b-8541-a4852262e484	04eb2ac9-b9ab-4852-8d06-0516c5221aa1.rna_seq.augmented_star_gene_counts.tsv	Transcriptome Profiling	Gene Expression Quantification	TCGA-HNSC	TCGA-CR-7397	TCGA-CR-7397-01A	Tumor	Primary	Solid Tissue	Unknown
1ba64243-b3c1-4b6b-9899-64944a3da9ab	0c097ee8-b601-4262-b2b6-d30cfd4c858f.rna_seq.augmented_star_gene_counts.tsv	Transcriptome Profiling	Gene Expression Quantification	TCGA-HNSC	TCGA-HD-7917	TCGA-HD-7917-01A	Tumor	Primary	Solid Tissue	Unknown
7343f7e6-bc2a-417a-b8e3-465d12ac9939	d4f65365-60c4-4543-8e39-bb8481ec150a.rna_seq.augmented_star_gene_counts.tsv	Transcriptome Profiling	Gene Expression Quantification	TCGA-HNSC	TCGA-CV-7104	TCGA-CV-7104-01A	Tumor	Primary	Solid Tissue	Unknown
16115315-72cc-454c-93dd-ec6c6310a8f1	b09f858e-aa79-40a8-8546-de32adb89bbb.rna_seq.augmented_star_gene_counts.tsv	Transcriptome Profiling	Gene Expression Quantification	TCGA-HNSC	TCGA-CX-7086	TCGA-CX-7086-01A	Tumor	Primary	Solid Tissue	Unknown
650cd049-8ee7-4191-be99-e8c6740cbf80	9f6c5557-6172-4862-94bd-012d27d214b5.rna_seq.augmented_star_gene_counts.tsv	Transcriptome Profiling	Gene Expression Quantification	TCGA-HNSC	TCGA-CR-7395	TCGA-CR-7395-01A	Tumor	Primary	Solid Tissue	Unknown
976173d5-f519-4c08-ab2a-e05bf5923dd0	59c8a669-447e-4918-87ab-878433d3f08b.rna_seq.augmented_star_gene_counts.tsv	Transcriptome Profiling	Gene Expression Quantification	TCGA-HNSC	TCGA-CR-7365	TCGA-CR-7365-01A	Tumor	Primary	Solid Tissue	Unknown
6d07e0d3-5fcb-42a2-867f-34e6d59a1892	0f76a49f-1f61-4863-872c-e090e460d151.rna_seq.augmented_star_gene_counts.tsv	Transcriptome Profiling	Gene Expression Quantification	TCGA-HNSC	TCGA-CV-A6JU	TCGA-CV-A6JU-01A	Tumor	Primary	Solid Tissue	Unknown
4d2c5caa-ba0e-49ed-8c9f-2df4c857f4dc	b8c39c47-e4ad-4ef1-b4d8-bf5825292890.rna_seq.augmented_star_gene_counts.tsv	Transcriptome Profiling	Gene Expression Quantification	TCGA-HNSC	TCGA-CR-6477	TCGA-CR-6477-01A	Tumor	Primary	Solid Tissue	Unknown
b668d085-9a13-4d78-a973-eba35b289c64	506c4b04-b41f-49e5-84d0-b86ddd8a445e.rna_seq.augmented_star_gene_counts.tsv	Transcriptome Profiling	Gene Expression Quantification	TCGA-HNSC	TCGA-CR-7376	TCGA-CR-7376-01A	Tumor	Primary	Solid Tissue	Unknown
5d866859-e5b6-455c-b907-d24df2d2b387	311df412-b424-4aef-8886-c217fd9397d8.rna_seq.augmented_star_gene_counts.tsv	Transcriptome Profiling	Gene Expression Quantification	TCGA-HNSC	TCGA-CN-A63V	TCGA-CN-A63V-01A	Tumor	Primary	Solid Tissue	Unknown
a14a2fc7-3f99-4ba8-a6e2-41a72a0f59d4	75f5f579-aba4-4d39-8519-5de8997d8d77.rna_seq.augmented_star_gene_counts.tsv	Transcriptome Profiling	Gene Expression Quantification	TCGA-HNSC	TCGA-QK-A6IH	TCGA-QK-A6IH-01A	Tumor	Primary	Solid Tissue	Unknown
cc8ebbe0-d89a-4f78-87cf-660e27df4d10	6879d560-083b-4bba-a780-7c2e2cd0a5b1.rna_seq.augmented_star_gene_counts.tsv	Transcriptome Profiling	Gene Expression Quantification	TCGA-HNSC	TCGA-BA-A6DD	TCGA-BA-A6DD-01A	Tumor	Primary	Solid Tissue	Unknown
5a56089f-5a40-481c-a344-99309cd1d4cd	c51640e1-b1e3-409a-8d71-7495593e1e98.rna_seq.augmented_star_gene_counts.tsv	Transcriptome Profiling	Gene Expression Quantification	TCGA-HNSC	TCGA-HD-A633	TCGA-HD-A633-01A	Tumor	Primary	Solid Tissue	Unknown
2399c612-2197-4e5b-8b3a-7c9927da9ea6	a2fa11ea-71e4-45b8-81ce-4e1b75eac180.rna_seq.augmented_star_gene_counts.tsv	Transcriptome Profiling	Gene Expression Quantification	TCGA-HNSC	TCGA-CV-7425	TCGA-CV-7425-01A	Tumor	Primary	Solid Tissue	Unknown
1a487e51-fd6e-4228-80f7-d3f864cf45f2	6502ae6c-e389-430f-957a-7d25f6a41141.rna_seq.augmented_star_gene_counts.tsv	Transcriptome Profiling	Gene Expression Quantification	TCGA-HNSC	TCGA-CV-7425	TCGA-CV-7425-11A	Normal	Not Applicable	Solid Tissue	Unknown
46ebf756-539b-41e4-9636-e8a7ba8d9bb8	2ab00a6e-52b6-431b-ad8c-6ad20405043d.rna_seq.augmented_star_gene_counts.tsv	Transcriptome Profiling	Gene Expression Quantification	TCGA-HNSC	TCGA-BA-5149	TCGA-BA-5149-01A	Tumor	Primary	Solid Tissue	Unknown
3cf8f0d0-caaf-493b-987f-3259db70dadd	f26bfb05-5870-4f75-b9ba-1c6fa28e35ca.rna_seq.augmented_star_gene_counts.tsv	Transcriptome Profiling	Gene Expression Quantification	TCGA-HNSC	TCGA-CV-A6K0	TCGA-CV-A6K0-01B	Tumor	Primary	Solid Tissue	OCT
c013ba53-35bf-4b40-a744-21f390303dee	6a4d9398-65fd-408f-b92f-def4db9c362f.rna_seq.augmented_star_gene_counts.tsv	Transcriptome Profiling	Gene Expression Quantification	TCGA-HNSC	TCGA-CV-6433	TCGA-CV-6433-01A	Tumor	Primary	Solid Tissue	Unknown
88983362-a45a-4eb1-bdd2-e7b2705d9c88	062ca800-51cd-4ad9-b701-673437972b05.rna_seq.augmented_star_gene_counts.tsv	Transcriptome Profiling	Gene Expression Quantification	TCGA-HNSC	TCGA-QK-A8Z9	TCGA-QK-A8Z9-01B	Tumor	Primary	Solid Tissue	OCT
83472b2d-14e1-4c12-b526-26e4882b6812	da541868-c3a6-469d-a8fc-67a77a39cd45.rna_seq.augmented_star_gene_counts.tsv	Transcriptome Profiling	Gene Expression Quantification	TCGA-HNSC	TCGA-CV-6940	TCGA-CV-6940-01A	Tumor	Primary	Solid Tissue	Unknown
cae964d9-1b18-4343-acc1-ed243e566ea1	264b7c31-5e12-49f0-9cdc-0e5dd2786b11.rna_seq.augmented_star_gene_counts.tsv	Transcriptome Profiling	Gene Expression Quantification	TCGA-HNSC	TCGA-CV-7183	TCGA-CV-7183-01A	Tumor	Primary	Solid Tissue	Unknown
74ad1b3f-bc69-49bd-9b7f-b4819ba155f9	19838839-8987-449b-9f11-5c65d4435c18.rna_seq.augmented_star_gene_counts.tsv	Transcriptome Profiling	Gene Expression Quantification	TCGA-HNSC	TCGA-CR-7379	TCGA-CR-7379-01A	Tumor	Primary	Solid Tissue	Unknown
6fcfff7a-0e6b-47a6-bc96-6cc12d530d27	861ee15f-1ee1-4842-997d-18855a595ce2.rna_seq.augmented_star_gene_counts.tsv	Transcriptome Profiling	Gene Expression Quantification	TCGA-HNSC	TCGA-CQ-5331	TCGA-CQ-5331-01A	Tumor	Primary	Solid Tissue	Unknown
a22b70b1-3c74-43d9-9786-07d254605fb0	6cd313d5-c56e-4e40-b300-589c41cf4145.rna_seq.augmented_star_gene_counts.tsv	Transcriptome Profiling	Gene Expression Quantification	TCGA-HNSC	TCGA-C9-A480	TCGA-C9-A480-01A	Tumor	Primary	Solid Tissue	OCT
b84e7ed5-b84b-4bee-b555-49bd197b9de3	7f9b9735-b744-47eb-9e0c-e9de4f217dfa.rna_seq.augmented_star_gene_counts.tsv	Transcriptome Profiling	Gene Expression Quantification	TCGA-HNSC	TCGA-CV-6939	TCGA-CV-6939-01A	Tumor	Primary	Solid Tissue	Unknown
7a541f8d-3af9-4f94-9096-3c3953199f39	6ba3eb7c-7d71-4948-8813-4a260185f7b0.rna_seq.augmented_star_gene_counts.tsv	Transcriptome Profiling	Gene Expression Quantification	TCGA-HNSC	TCGA-CV-7432	TCGA-CV-7432-01A	Tumor	Primary	Solid Tissue	Unknown
01938448-39ff-474a-865e-b41c5207f3bb	8c9688b2-7aaf-4041-94cb-1882149a2eaf.rna_seq.augmented_star_gene_counts.tsv	Transcriptome Profiling	Gene Expression Quantification	TCGA-HNSC	TCGA-CR-6471	TCGA-CR-6471-01A	Tumor	Primary	Solid Tissue	Unknown
4b33a2f5-280a-40d1-be86-4075ac09aaf8	031d95f4-3689-41ee-adf7-097695d50ba5.rna_seq.augmented_star_gene_counts.tsv	Transcriptome Profiling	Gene Expression Quantification	TCGA-HNSC	TCGA-CN-6019	TCGA-CN-6019-01A	Tumor	Primary	Solid Tissue	Unknown
6ddaa57e-0b22-43e7-9c2b-6212af18b2f5	af2b65a7-e6b2-4bbd-8cb5-4d81fe4a8a4a.rna_seq.augmented_star_gene_counts.tsv	Transcriptome Profiling	Gene Expression Quantification	TCGA-HNSC	TCGA-CV-6959	TCGA-CV-6959-01A	Tumor	Primary	Solid Tissue	Unknown
efbbaf9c-6f7c-4a67-a741-d47133001cd3	1ee4cd4e-7386-493a-9a36-421856a2b924.rna_seq.augmented_star_gene_counts.tsv	Transcriptome Profiling	Gene Expression Quantification	TCGA-HNSC	TCGA-CR-7377	TCGA-CR-7377-01A	Tumor	Primary	Solid Tissue	Unknown
568f568a-405a-4b79-a52b-a48b712cb4fd	f4f442e1-b6cf-467a-ae5e-ccf28a7f940b.rna_seq.augmented_star_gene_counts.tsv	Transcriptome Profiling	Gene Expression Quantification	TCGA-HNSC	TCGA-CV-7423	TCGA-CV-7423-01A	Tumor	Primary	Solid Tissue	Unknown
3a786e65-0e2d-4472-8532-551994771b06	2a177b8a-c4e1-4016-bd24-0f640393e9e5.rna_seq.augmented_star_gene_counts.tsv	Transcriptome Profiling	Gene Expression Quantification	TCGA-HNSC	TCGA-WA-A7GZ	TCGA-WA-A7GZ-11A	Normal	Not Applicable	Solid Tissue	Unknown
00493cfb-cfcf-4994-b4f4-3f1ff94e21f8	6d1ffd0c-ba13-463e-b5c4-20d2dab6294d.rna_seq.augmented_star_gene_counts.tsv	Transcriptome Profiling	Gene Expression Quantification	TCGA-HNSC	TCGA-CV-A463	TCGA-CV-A463-01A	Tumor	Primary	Solid Tissue	OCT
73c3420a-f453-47f7-9d80-ad0ddc8e4000	1931e031-f7a9-4b2e-93e3-4db2788d2295.rna_seq.augmented_star_gene_counts.tsv	Transcriptome Profiling	Gene Expression Quantification	TCGA-HNSC	TCGA-D6-6823	TCGA-D6-6823-01A	Tumor	Primary	Solid Tissue	Unknown
6ddcb8b3-c6a3-4182-9c4a-01ed10db6f96	b4a04fab-7043-4d1d-921a-0fe2d2811304.rna_seq.augmented_star_gene_counts.tsv	Transcriptome Profiling	Gene Expression Quantification	TCGA-HNSC	TCGA-CV-7100	TCGA-CV-7100-01A	Tumor	Primary	Solid Tissue	Unknown
51d9078e-4e0f-4f3e-979a-4f08695757b4	596ac9ca-ef00-4244-aac4-88e36311a9e5.rna_seq.augmented_star_gene_counts.tsv	Transcriptome Profiling	Gene Expression Quantification	TCGA-HNSC	TCGA-CV-6436	TCGA-CV-6436-01A	Tumor	Primary	Solid Tissue	Unknown
41ead8d0-85e4-41ff-9e51-8afe1e51ea6b	06abcea6-aa83-4200-8235-dfb9cb1b5de2.rna_seq.augmented_star_gene_counts.tsv	Transcriptome Profiling	Gene Expression Quantification	TCGA-HNSC	TCGA-F7-A50G	TCGA-F7-A50G-01A	Tumor	Primary	Solid Tissue	OCT
84d1f1cb-ff06-4cc7-9866-67d738bac419	eb102931-4d5d-469d-82bb-187c6e81d6fb.rna_seq.augmented_star_gene_counts.tsv	Transcriptome Profiling	Gene Expression Quantification	TCGA-HNSC	TCGA-CV-A45R	TCGA-CV-A45R-01A	Tumor	Primary	Solid Tissue	OCT
55cb7bab-aa13-41de-bf3c-0aa7e69e5370	9ee95f3c-9ef2-4e61-b023-699e0bc3898a.rna_seq.augmented_star_gene_counts.tsv	Transcriptome Profiling	Gene Expression Quantification	CPTAC-3	C3N-03028	C3N-03028-01	Tumor	Primary	Solid Tissue	Snap Frozen
68fab582-d4c0-4dc8-8c38-ce7fd79dcbcb	00ed44f5-e994-4897-ac69-c085941b3ae7.rna_seq.augmented_star_gene_counts.tsv	Transcriptome Profiling	Gene Expression Quantification	CPTAC-3	C3N-03028	C3N-03028-11	Tumor	Primary	Solid Tissue	Snap Frozen
2d223ec9-7c2c-4dc1-8299-e12c1eeb8773	489d7297-5125-49f0-a251-c189fbf03b1e.rna_seq.augmented_star_gene_counts.tsv	Transcriptome Profiling	Gene Expression Quantification	CPTAC-3	C3N-00825, C3N-00825	C3N-00825-04, C3N-00825-03	Tumor, Tumor	Primary, Primary	Solid Tissue, Solid Tissue	Snap Frozen, Snap Frozen
b74fe897-74ee-4c1e-87bd-4e18dd64284e	fa587e44-95e2-49d0-9001-f75a126cd6a1.rna_seq.augmented_star_gene_counts.tsv	Transcriptome Profiling	Gene Expression Quantification	TCGA-HNSC	TCGA-CV-7263	TCGA-CV-7263-01A	Tumor	Primary	Solid Tissue	Unknown
4bd409db-831d-4892-aa7f-e5e5bbd5bfae	4d2209df-9e4d-4b55-bd0e-4b3503316912.rna_seq.augmented_star_gene_counts.tsv	Transcriptome Profiling	Gene Expression Quantification	TCGA-HNSC	TCGA-CV-A45V	TCGA-CV-A45V-01A	Tumor	Primary	Solid Tissue	OCT
953b89f7-4f4d-4624-9684-d287d490d5b4	09e6c954-819c-40d9-afa0-3441b4f132cb.rna_seq.augmented_star_gene_counts.tsv	Transcriptome Profiling	Gene Expression Quantification	TCGA-HNSC	TCGA-CQ-6220	TCGA-CQ-6220-01A	Tumor	Primary	Solid Tissue	Unknown
44699ea6-738d-4130-9938-9932dd1c7acb	7190de23-3263-4eb0-ab90-0c84735b17c8.rna_seq.augmented_star_gene_counts.tsv	Transcriptome Profiling	Gene Expression Quantification	TCGA-HNSC	TCGA-F7-A61W	TCGA-F7-A61W-01A	Tumor	Primary	Solid Tissue	OCT
9678c5cb-97be-4f76-a161-fece8b5982cd	5982e29e-b818-42b1-87bc-bf55f9d943c1.rna_seq.augmented_star_gene_counts.tsv	Transcriptome Profiling	Gene Expression Quantification	TCGA-HNSC	TCGA-CV-5973	TCGA-CV-5973-01A	Tumor	Primary	Solid Tissue	Unknown
1f9630f7-cd15-41ae-8030-ed36859710b2	dd33c934-b3de-4701-bf48-30da2ddcf133.rna_seq.augmented_star_gene_counts.tsv	Transcriptome Profiling	Gene Expression Quantification	TCGA-HNSC	TCGA-CQ-5330	TCGA-CQ-5330-01A	Tumor	Primary	Solid Tissue	Unknown
bfc9aff7-93e2-4331-9722-764f599e9409	b31f0c5b-e917-4d4b-9605-61a5aede7cad.rna_seq.augmented_star_gene_counts.tsv	Transcriptome Profiling	Gene Expression Quantification	TCGA-HNSC	TCGA-CV-A6K2	TCGA-CV-A6K2-01A	Tumor	Primary	Solid Tissue	Unknown
a6d8ea07-b43b-491b-8acd-09f57c4b3a3b	963cb78b-6480-453f-9f62-d92c205f034a.rna_seq.augmented_star_gene_counts.tsv	Transcriptome Profiling	Gene Expression Quantification	TCGA-HNSC	TCGA-HL-7533	TCGA-HL-7533-01A	Tumor	Primary	Solid Tissue	Unknown
5312ceac-498e-497a-8000-6083e2214917	90a3f106-2d1f-4c1e-a03b-153b6bf50eed.rna_seq.augmented_star_gene_counts.tsv	Transcriptome Profiling	Gene Expression Quantification	TCGA-HNSC	TCGA-CV-6953	TCGA-CV-6953-01A	Tumor	Primary	Solid Tissue	Unknown
d10f39f7-70e3-442d-bac2-0d8900f03dee	710723eb-e59d-4f3b-b6c9-fd6c98f8c9c4.rna_seq.augmented_star_gene_counts.tsv	Transcriptome Profiling	Gene Expression Quantification	TCGA-HNSC	TCGA-CV-7409	TCGA-CV-7409-01A	Tumor	Primary	Solid Tissue	Unknown
7579dcb1-50fe-4ea5-b943-db0fb9f02afc	2561353d-6117-4c92-9d23-942b714f9a53.rna_seq.augmented_star_gene_counts.tsv	Transcriptome Profiling	Gene Expression Quantification	TCGA-HNSC	TCGA-CN-5358	TCGA-CN-5358-01A	Tumor	Primary	Solid Tissue	Unknown
55ccd178-6f91-496a-ad16-d82e45928366	47d2e5f4-209d-463b-b6a2-c8a94648b0ea.rna_seq.augmented_star_gene_counts.tsv	Transcriptome Profiling	Gene Expression Quantification	TCGA-HNSC	TCGA-CV-7413	TCGA-CV-7413-01A	Tumor	Primary	Solid Tissue	Unknown
3f6cc2ce-245d-4eed-831c-ad4165376e69	a903b2e0-a595-45e4-9532-58d0ad4d55da.rna_seq.augmented_star_gene_counts.tsv	Transcriptome Profiling	Gene Expression Quantification	TCGA-HNSC	TCGA-CR-6493	TCGA-CR-6493-01A	Tumor	Primary	Solid Tissue	Unknown
5e362910-3262-4ec6-a00b-27b9b2e4f4b9	36e581f2-5079-4a3e-823b-9a807fe53122.rna_seq.augmented_star_gene_counts.tsv	Transcriptome Profiling	Gene Expression Quantification	TCGA-HNSC	TCGA-DQ-5624	TCGA-DQ-5624-01A	Tumor	Primary	Solid Tissue	Unknown
86675e21-b06e-4496-b1d8-e30c4d1b0668	6707b6bd-90d3-4dad-b062-18a9d90ad78c.rna_seq.augmented_star_gene_counts.tsv	Transcriptome Profiling	Gene Expression Quantification	TCGA-HNSC	TCGA-CV-7414	TCGA-CV-7414-01A	Tumor	Primary	Solid Tissue	Unknown
6911eac4-95c9-46c4-ad67-59c29bd85aa0	cb250c66-1894-430c-8858-27b8ad932803.rna_seq.augmented_star_gene_counts.tsv	Transcriptome Profiling	Gene Expression Quantification	TCGA-HNSC	TCGA-CV-7446	TCGA-CV-7446-01A	Tumor	Primary	Solid Tissue	Unknown
ba98799c-6f98-4d0e-9ce1-b2a21df680c5	2f5cd769-f993-4adc-84fc-350940558c0b.rna_seq.augmented_star_gene_counts.tsv	Transcriptome Profiling	Gene Expression Quantification	TCGA-HNSC	TCGA-QK-A6IJ	TCGA-QK-A6IJ-01A	Tumor	Primary	Solid Tissue	Unknown
e0865862-8829-494f-9a15-237519513ed5	e08e8293-e5eb-40df-b327-8559079126a3.rna_seq.augmented_star_gene_counts.tsv	Transcriptome Profiling	Gene Expression Quantification	TCGA-HNSC	TCGA-BA-6873	TCGA-BA-6873-01A	Tumor	Primary	Solid Tissue	Unknown
5fb5f7ac-6241-4c3d-8350-b18f28c317c5	ce9fde25-d159-47df-9a48-d6ab0d392477.rna_seq.augmented_star_gene_counts.tsv	Transcriptome Profiling	Gene Expression Quantification	TCGA-HNSC	TCGA-CR-7394	TCGA-CR-7394-01A	Tumor	Primary	Solid Tissue	Unknown
d8251860-ff31-4639-9dcf-88b4d44d18ce	aabd9d0c-6892-4d07-a294-eb9d23dff6dd.rna_seq.augmented_star_gene_counts.tsv	Transcriptome Profiling	Gene Expression Quantification	TCGA-HNSC	TCGA-CV-7095	TCGA-CV-7095-01A	Tumor	Primary	Solid Tissue	Unknown
0398eb84-be87-4906-9e22-cb94494b54f6	85de0d7a-0624-4cd6-a33f-146b11b1b306.rna_seq.augmented_star_gene_counts.tsv	Transcriptome Profiling	Gene Expression Quantification	TCGA-HNSC	TCGA-DQ-7592	TCGA-DQ-7592-01A	Tumor	Primary	Solid Tissue	Unknown
ca7103ce-8d6d-4b6f-8982-c12914fc896e	94c6aa8d-f524-4c0f-ac62-5343f5814db3.rna_seq.augmented_star_gene_counts.tsv	Transcriptome Profiling	Gene Expression Quantification	TCGA-HNSC	TCGA-CV-6943	TCGA-CV-6943-01A	Tumor	Primary	Solid Tissue	Unknown
0295ea9f-3c48-400e-8004-05ca911f460d	31a7d787-3d81-4ee0-8995-1579c57bc29d.rna_seq.augmented_star_gene_counts.tsv	Transcriptome Profiling	Gene Expression Quantification	TCGA-HNSC	TCGA-CQ-A4CE	TCGA-CQ-A4CE-01A	Tumor	Primary	Solid Tissue	Unknown
4280c77b-0291-4c1f-aad0-78e3e710ba6b	2a74c2b4-9329-491c-8df5-26fa59b95ba1.rna_seq.augmented_star_gene_counts.tsv	Transcriptome Profiling	Gene Expression Quantification	TCGA-HNSC	TCGA-CQ-A4CA	TCGA-CQ-A4CA-01A	Tumor	Primary	Solid Tissue	Unknown
7acd7331-19ee-4160-9bed-f23663032491	d409a68f-39e6-4b1d-af0b-69a9cf8a6532.rna_seq.augmented_star_gene_counts.tsv	Transcriptome Profiling	Gene Expression Quantification	TCGA-HNSC	TCGA-CQ-5326	TCGA-CQ-5326-01A	Tumor	Primary	Solid Tissue	Unknown
409790bc-30ef-4f2f-9025-52d0c1864a04	8488045b-16a9-4910-80e8-719381516fe6.rna_seq.augmented_star_gene_counts.tsv	Transcriptome Profiling	Gene Expression Quantification	TCGA-HNSC	TCGA-CQ-6228	TCGA-CQ-6228-01A	Tumor	Primary	Solid Tissue	Unknown
bf03f2c2-98e8-4843-9449-ac21b2998b01	a1b731f1-ca9c-4500-b8d2-3400e7be0bb3.rna_seq.augmented_star_gene_counts.tsv	Transcriptome Profiling	Gene Expression Quantification	TCGA-HNSC	TCGA-CV-6939	TCGA-CV-6939-11A	Normal	Not Applicable	Solid Tissue	Unknown
4bdddb3c-3639-451e-ad97-664fc48b6bf8	ebf77831-623c-4a82-8fb5-76dd437c1331.rna_seq.augmented_star_gene_counts.tsv	Transcriptome Profiling	Gene Expression Quantification	TCGA-HNSC	TCGA-H7-A6C4	TCGA-H7-A6C4-11A	Normal	Not Applicable	Solid Tissue	Unknown
9c2a05d4-9f94-44bb-b1ee-a71f4f1c5e8f	e15a9105-47f3-4e2b-a9f4-697c311ec0a4.rna_seq.augmented_star_gene_counts.tsv	Transcriptome Profiling	Gene Expression Quantification	TCGA-HNSC	TCGA-H7-7774	TCGA-H7-7774-01A	Tumor	Primary	Solid Tissue	Unknown
996fc9a8-2cdd-4f23-a716-218aaa69df94	72165763-bcce-4215-a93b-ba13cbe45e5c.rna_seq.augmented_star_gene_counts.tsv	Transcriptome Profiling	Gene Expression Quantification	TCGA-HNSC	TCGA-BB-A5HU	TCGA-BB-A5HU-01A	Tumor	Primary	Solid Tissue	Unknown
89472f4a-ab97-477f-8da5-92bb6b153426	ad7867fb-5c55-408e-926f-3226eb593285.rna_seq.augmented_star_gene_counts.tsv	Transcriptome Profiling	Gene Expression Quantification	TCGA-HNSC	TCGA-CR-7382	TCGA-CR-7382-01A	Tumor	Primary	Solid Tissue	Unknown
91a65544-bd55-47bd-a6d0-6897f585fe22	70c3d358-35d6-4a03-8861-afe610d7586e.rna_seq.augmented_star_gene_counts.tsv	Transcriptome Profiling	Gene Expression Quantification	CPTAC-3	C3N-03042	C3N-03042-14	Tumor	Primary	Solid Tissue	Snap Frozen
20198c90-1fd6-4c3d-84fa-23a4e1a656a2	ad4aabec-216f-447c-9810-2e9dae30b7d9.rna_seq.augmented_star_gene_counts.tsv	Transcriptome Profiling	Gene Expression Quantification	CPTAC-3	C3N-03042	C3N-03042-04	Tumor	Primary	Solid Tissue	Snap Frozen
34b7ac84-d020-4841-98d5-fc86aa7798de	66c48e87-efaa-4fb4-be69-89ed505c52b2.rna_seq.augmented_star_gene_counts.tsv	Transcriptome Profiling	Gene Expression Quantification	TCGA-HNSC	TCGA-CX-7219	TCGA-CX-7219-01A	Tumor	Primary	Solid Tissue	Unknown
d64c5014-7755-4439-a871-5e3648473446	12e84e62-ffae-4860-836e-5f0eadd8831b.rna_seq.augmented_star_gene_counts.tsv	Transcriptome Profiling	Gene Expression Quantification	TCGA-HNSC	TCGA-CQ-6225	TCGA-CQ-6225-01A	Tumor	Primary	Solid Tissue	Unknown
aea89671-83a4-47b7-a924-07e23f3019e9	39225e78-befa-4b38-9946-3dd66559ca8e.rna_seq.augmented_star_gene_counts.tsv	Transcriptome Profiling	Gene Expression Quantification	TCGA-HNSC	TCGA-CQ-5323	TCGA-CQ-5323-01A	Tumor	Primary	Solid Tissue	Unknown
0a72a23d-0e31-4060-8a99-c5da7e11c5ef	fa17239b-e5fb-4818-a4f7-f49d996d4a05.rna_seq.augmented_star_gene_counts.tsv	Transcriptome Profiling	Gene Expression Quantification	TCGA-HNSC	TCGA-CV-5966	TCGA-CV-5966-01A	Tumor	Primary	Solid Tissue	Unknown
6ffe0480-a95b-433c-b7fa-a760360f7ae4	b51dbbcd-4a4d-41e0-955e-c3c1f0e1335d.rna_seq.augmented_star_gene_counts.tsv	Transcriptome Profiling	Gene Expression Quantification	TCGA-HNSC	TCGA-CV-A45U	TCGA-CV-A45U-01A	Tumor	Primary	Solid Tissue	OCT
55ffd417-0e61-4fe5-9ba4-54ae15c8330a	18075aee-7064-4b22-b976-21f93af49218.rna_seq.augmented_star_gene_counts.tsv	Transcriptome Profiling	Gene Expression Quantification	TCGA-HNSC	TCGA-CQ-6229	TCGA-CQ-6229-01A	Tumor	Primary	Solid Tissue	Unknown
2ff763c7-5655-415f-8d88-2700c8be16c5	02d1005e-17f0-45ce-89e2-4dc9657839b9.rna_seq.augmented_star_gene_counts.tsv	Transcriptome Profiling	Gene Expression Quantification	TCGA-HNSC	TCGA-T3-A92N	TCGA-T3-A92N-01A	Tumor	Primary	Solid Tissue	Unknown
35fd23d8-0dba-4a74-8c5a-cbebfc7e460e	61a3b6d0-02bc-4f1d-a68f-4471a7c3de28.rna_seq.augmented_star_gene_counts.tsv	Transcriptome Profiling	Gene Expression Quantification	TCGA-HNSC	TCGA-CR-5250	TCGA-CR-5250-01A	Tumor	Primary	Solid Tissue	Unknown
209f8ebc-42f0-4695-b9f1-d9dc30d0e0b7	fd16e52c-b018-4404-9f93-059b1f8f3a89.rna_seq.augmented_star_gene_counts.tsv	Transcriptome Profiling	Gene Expression Quantification	TCGA-HNSC	TCGA-CV-7180	TCGA-CV-7180-01A	Tumor	Primary	Solid Tissue	Unknown
c5976308-8c60-4f51-8e86-3b586f137f23	bfd6e5fe-775e-4f51-952c-26b4016541f3.rna_seq.augmented_star_gene_counts.tsv	Transcriptome Profiling	Gene Expression Quantification	TCGA-HNSC	TCGA-CR-7392	TCGA-CR-7392-01A	Tumor	Primary	Solid Tissue	Unknown
0d99adbf-a53d-4f67-8894-a906faa8cd0c	922e6313-d9f9-49d0-8941-5d046fbc0f1a.rna_seq.augmented_star_gene_counts.tsv	Transcriptome Profiling	Gene Expression Quantification	TCGA-HNSC	TCGA-DQ-5631	TCGA-DQ-5631-01A	Tumor	Primary	Solid Tissue	Unknown
9b573cf3-f4a1-4ff4-8bb3-10be48301a88	03289857-1c22-4a78-8571-6d3e826b3e44.rna_seq.augmented_star_gene_counts.tsv	Transcriptome Profiling	Gene Expression Quantification	TCGA-HNSC	TCGA-CR-6488	TCGA-CR-6488-01A	Tumor	Primary	Solid Tissue	Unknown
cb33a073-f47e-407f-af93-92387244aa29	5ed4fadf-ed73-4b2c-9a9b-d557938903cc.rna_seq.augmented_star_gene_counts.tsv	Transcriptome Profiling	Gene Expression Quantification	TCGA-HNSC	TCGA-CV-7407	TCGA-CV-7407-01A	Tumor	Primary	Solid Tissue	Unknown
d9f2f627-8527-47be-bb59-fe7033c3499d	eea95bfb-a897-49e3-b038-66ef69186eb0.rna_seq.augmented_star_gene_counts.tsv	Transcriptome Profiling	Gene Expression Quantification	TCGA-HNSC	TCGA-CV-A6JT	TCGA-CV-A6JT-01A	Tumor	Primary	Solid Tissue	Unknown
75a491de-b673-4731-bea1-149a74ec8c87	8d8c2642-817a-4b7f-88bd-1a42b7e372a4.rna_seq.augmented_star_gene_counts.tsv	Transcriptome Profiling	Gene Expression Quantification	TCGA-HNSC	TCGA-CV-5436	TCGA-CV-5436-01A	Tumor	Primary	Solid Tissue	Unknown
7862a1bf-90d3-473c-9cc6-b4e44019ad2d	dc11b37d-6a35-46d8-90cd-b78cb056a2c8.rna_seq.augmented_star_gene_counts.tsv	Transcriptome Profiling	Gene Expression Quantification	TCGA-HNSC	TCGA-CQ-5332	TCGA-CQ-5332-01A	Tumor	Primary	Solid Tissue	Unknown
80757185-4699-4dc0-a39d-5da6b97005f7	85620245-0baf-4cd1-94df-a0a913acaeb9.rna_seq.augmented_star_gene_counts.tsv	Transcriptome Profiling	Gene Expression Quantification	TCGA-HNSC	TCGA-CN-6016	TCGA-CN-6016-01A	Tumor	Primary	Solid Tissue	Unknown
4b2bbd5e-3d02-445e-904f-6d69d43816af	badbd725-a1e1-4a62-8b70-9b321c52b7c2.rna_seq.augmented_star_gene_counts.tsv	Transcriptome Profiling	Gene Expression Quantification	TCGA-HNSC	TCGA-CQ-5329	TCGA-CQ-5329-01A	Tumor	Primary	Solid Tissue	Unknown
723ac041-cbef-41d9-804d-e70c007086ab	7865b4fe-d75d-4330-afc5-16b590495f5f.rna_seq.augmented_star_gene_counts.tsv	Transcriptome Profiling	Gene Expression Quantification	TCGA-HNSC	TCGA-CN-6998	TCGA-CN-6998-01A	Tumor	Primary	Solid Tissue	Unknown
d1633c45-ff9d-4fdb-bf27-28fedf653eb1	07ae4f59-8955-43ae-b8e4-04d40a4af8c3.rna_seq.augmented_star_gene_counts.tsv	Transcriptome Profiling	Gene Expression Quantification	TCGA-HNSC	TCGA-CV-7438	TCGA-CV-7438-11A	Normal	Not Applicable	Solid Tissue	Unknown
86eb7606-22d5-45e7-a46c-014160f1f136	b90f706c-8515-4174-a250-9147edd0e5bb.rna_seq.augmented_star_gene_counts.tsv	Transcriptome Profiling	Gene Expression Quantification	TCGA-HNSC	TCGA-CN-6013	TCGA-CN-6013-01A	Tumor	Primary	Solid Tissue	Unknown
6e51b34e-3765-4dc7-b958-4131d0802810	49c5cc44-1e64-4099-8661-12562b384351.rna_seq.augmented_star_gene_counts.tsv	Transcriptome Profiling	Gene Expression Quantification	TCGA-HNSC	TCGA-F7-A61S	TCGA-F7-A61S-01A	Tumor	Primary	Solid Tissue	OCT
e0ba453e-0cbf-4cf5-9cab-d889f899bb7d	1ed7c1ec-c26f-4cb8-bdfb-924333ecac35.rna_seq.augmented_star_gene_counts.tsv	Transcriptome Profiling	Gene Expression Quantification	TCGA-HNSC	TCGA-CQ-A4C9	TCGA-CQ-A4C9-01A	Tumor	Primary	Solid Tissue	Unknown
8c4ffa6f-b8c1-4b56-8e2d-fca2178391d6	e3c87d1b-9a3b-4399-9f7c-9f9ad6b03077.rna_seq.augmented_star_gene_counts.tsv	Transcriptome Profiling	Gene Expression Quantification	TCGA-HNSC	TCGA-4P-AA8J	TCGA-4P-AA8J-01A	Tumor	Primary	Solid Tissue	OCT
4b0a0b1c-1ce6-4758-9beb-88f2b6984e23	07880979-24b7-49b8-8235-4fd62c554755.rna_seq.augmented_star_gene_counts.tsv	Transcriptome Profiling	Gene Expression Quantification	CPTAC-3	C3N-01944	C3N-01944-11	Tumor	Primary	Solid Tissue	Snap Frozen
f560e813-cab3-4abf-af67-a2e0efc05530	419e4a59-3f1c-4703-83d7-ad257d86633e.rna_seq.augmented_star_gene_counts.tsv	Transcriptome Profiling	Gene Expression Quantification	CPTAC-3	C3N-01944	C3N-01944-01	Tumor	Primary	Solid Tissue	Snap Frozen
ecdd71f6-779a-492d-bc88-79f4f97efa5f	a701a538-1b24-457d-bf14-fc3c00b18bb0.rna_seq.augmented_star_gene_counts.tsv	Transcriptome Profiling	Gene Expression Quantification	CPTAC-3	C3N-01944	C3N-01944-04	Normal	Not Applicable	Solid Tissue	Snap Frozen
7eb1b0d3-d9d9-43ee-8d7a-2d8415ba363a	e8492f2f-a11a-42e3-b2c1-a727d16144ed.rna_seq.augmented_star_gene_counts.tsv	Transcriptome Profiling	Gene Expression Quantification	CPTAC-3	C3N-03785	C3N-03785-03	Tumor	Primary	Solid Tissue	Snap Frozen
c1efe4d7-01ff-4131-a4a7-a5cd1ec787c0	3e315cd5-50e5-4282-8631-16327b31d564.rna_seq.augmented_star_gene_counts.tsv	Transcriptome Profiling	Gene Expression Quantification	CPTAC-3	C3N-03785	C3N-03785-13	Tumor	Primary	Solid Tissue	Snap Frozen
4a59ec96-f82d-48cc-bad3-5bc330e56325	bc8dc68b-f754-45d6-b9a2-6e679a11a030.rna_seq.augmented_star_gene_counts.tsv	Transcriptome Profiling	Gene Expression Quantification	CPTAC-3	C3L-01237	C3L-01237-06	Normal	Not Applicable	Solid Tissue	Snap Frozen
b4ea3d51-a6a8-47b4-bd9c-479fadfde04b	72cc7035-01db-41a4-830a-247eb875df40.rna_seq.augmented_star_gene_counts.tsv	Transcriptome Profiling	Gene Expression Quantification	CPTAC-3	C3N-03664	C3N-03664-01	Tumor	Primary	Solid Tissue	Snap Frozen
a3f6358e-ccdd-40be-b000-be3c72f3fb2f	52722565-916f-4657-bf0a-827c8935bdd8.rna_seq.augmented_star_gene_counts.tsv	Transcriptome Profiling	Gene Expression Quantification	CPTAC-3	C3N-03889	C3N-03889-06	Normal	Not Applicable	Solid Tissue	Snap Frozen
3f132f1a-a5f6-4e74-aaa9-2aa4fd720906	ecccec14-5846-41f9-a741-e7d709409245.rna_seq.augmented_star_gene_counts.tsv	Transcriptome Profiling	Gene Expression Quantification	CPTAC-3	C3N-01948	C3N-01948-04	Normal	Not Applicable	Solid Tissue	Snap Frozen
03576427-0b1e-473b-a691-75ceea9d945c	405f682f-93c7-4211-8364-2d81918c46bd.rna_seq.augmented_star_gene_counts.tsv	Transcriptome Profiling	Gene Expression Quantification	CPTAC-3	C3N-01948	C3N-01948-01	Tumor	Primary	Solid Tissue	Snap Frozen
c0de327a-b5a7-4b1c-bb4d-970f3b0c3712	e0b14d73-d7bc-4069-9429-1f8fbfbce396.rna_seq.augmented_star_gene_counts.tsv	Transcriptome Profiling	Gene Expression Quantification	CPTAC-3	C3N-00871, C3N-00871	C3N-00871-01, C3N-00871-02	Tumor, Tumor	Primary, Primary	Solid Tissue, Solid Tissue	Snap Frozen, Snap Frozen
597f54b2-8030-42e8-bb32-57b18ca5d2ae	af9c7410-952e-4b53-bcb7-7d0f519c9fce.rna_seq.augmented_star_gene_counts.tsv	Transcriptome Profiling	Gene Expression Quantification	CPTAC-3	C3L-00995	C3L-00995-02	Tumor	Primary	Solid Tissue	Snap Frozen
f8ff148f-384f-419b-bd93-16f0e21f79c5	178c6c17-aeaa-4663-949f-8ddd2ddfe282.rna_seq.augmented_star_gene_counts.tsv	Transcriptome Profiling	Gene Expression Quantification	CPTAC-3	C3N-03009, C3N-03009	C3N-03009-01, C3N-03009-03	Tumor, Tumor	Primary, Primary	Solid Tissue, Solid Tissue	Snap Frozen, Snap Frozen
d82b6ec5-b780-4233-9f41-cc1ddc15c8cc	9339834f-687d-497a-836b-f1576aa56752.rna_seq.augmented_star_gene_counts.tsv	Transcriptome Profiling	Gene Expression Quantification	CPTAC-3	C3N-02694, C3N-02694	C3N-02694-03, C3N-02694-02	Tumor, Tumor	Primary, Primary	Solid Tissue, Solid Tissue	Snap Frozen, Snap Frozen
991ec855-8f55-4635-aaee-635e3a054d0b	b4c9ce3f-a918-4585-bf4a-4dc4b3f1c30b.rna_seq.augmented_star_gene_counts.tsv	Transcriptome Profiling	Gene Expression Quantification	CPTAC-3	C3N-01758	C3N-01758-13	Tumor	Primary	Solid Tissue	Snap Frozen
70a7bca8-4ac4-4994-b298-bcc558690cda	80cd7e58-d390-4e55-8036-f2c3d997a56c.rna_seq.augmented_star_gene_counts.tsv	Transcriptome Profiling	Gene Expression Quantification	CPTAC-3	C3N-03487	C3N-03487-02	Tumor	Primary	Solid Tissue	Snap Frozen
d9364b50-daaf-45fe-8f46-f75ff2a9b4fe	d053e53e-efee-4bcb-b156-bf2fd86192ea.rna_seq.augmented_star_gene_counts.tsv	Transcriptome Profiling	Gene Expression Quantification	CPTAC-3	C3N-03487	C3N-03487-12	Tumor	Primary	Solid Tissue	Snap Frozen
377c6394-1b92-4d92-aad7-233a8c8f17fc	6f059824-e488-46ce-84a2-b0523c9c9136.rna_seq.augmented_star_gene_counts.tsv	Transcriptome Profiling	Gene Expression Quantification	CPTAC-3	C3N-03433	C3N-03433-02	Tumor	Primary	Solid Tissue	Snap Frozen
52944215-40b6-47d0-b677-20eb89b545c1	9f9b5cf1-f8cb-44b3-83df-c0904150b34b.rna_seq.augmented_star_gene_counts.tsv	Transcriptome Profiling	Gene Expression Quantification	CPTAC-3	C3N-03433	C3N-03433-12	Tumor	Primary	Solid Tissue	Snap Frozen
bb7388dc-7ad7-4489-a21e-9058500f8243	da9673bd-3c52-4835-ac40-e7fa0083115e.rna_seq.augmented_star_gene_counts.tsv	Transcriptome Profiling	Gene Expression Quantification	TCGA-HNSC	TCGA-CV-6943	TCGA-CV-6943-11A	Normal	Not Applicable	Solid Tissue	Unknown
7cb6720b-d3dc-4655-b942-dc6588372711	3de74830-ab78-46c3-bab6-0b78181f7d67.rna_seq.augmented_star_gene_counts.tsv	Transcriptome Profiling	Gene Expression Quantification	TCGA-HNSC	TCGA-CV-7183	TCGA-CV-7183-11A	Normal	Not Applicable	Solid Tissue	Unknown
bf7e3880-e49d-412a-99bb-0f17456bd692	a831d086-aa8a-4276-8edd-0fe6e01afa6d.rna_seq.augmented_star_gene_counts.tsv	Transcriptome Profiling	Gene Expression Quantification	TCGA-HNSC	TCGA-CQ-6224	TCGA-CQ-6224-01A	Tumor	Primary	Solid Tissue	Unknown
b0a41da1-d309-4d5a-bd1e-59a7ecdcf64a	fccbe338-8ab3-4811-8ca2-79c1294261fd.rna_seq.augmented_star_gene_counts.tsv	Transcriptome Profiling	Gene Expression Quantification	TCGA-HNSC	TCGA-CQ-6222	TCGA-CQ-6222-01A	Tumor	Primary	Solid Tissue	Unknown
8b710010-8a49-469f-9b0f-58c79916ae37	7d54f864-edd0-46be-88e2-e1de4f3269d8.rna_seq.augmented_star_gene_counts.tsv	Transcriptome Profiling	Gene Expression Quantification	TCGA-HNSC	TCGA-CV-A6JE	TCGA-CV-A6JE-01A	Tumor	Primary	Solid Tissue	Unknown
95285ee2-cc8b-4f0d-b3da-ae146c1efca2	aef2bec8-0a64-479b-9a3e-06b3b0d9108f.rna_seq.augmented_star_gene_counts.tsv	Transcriptome Profiling	Gene Expression Quantification	TCGA-HNSC	TCGA-CQ-A4CG	TCGA-CQ-A4CG-01A	Tumor	Primary	Solid Tissue	Unknown
86eb64f4-027e-4ac7-8d7c-55e8aadb1014	c3d7bdb7-dc18-4d0f-b72d-b1a4e36dbbc6.rna_seq.augmented_star_gene_counts.tsv	Transcriptome Profiling	Gene Expression Quantification	TCGA-HNSC	TCGA-CV-6941	TCGA-CV-6941-01A	Tumor	Primary	Solid Tissue	Unknown
5706bf95-e372-46d4-ae27-7f02ecfb43c7	32771801-2560-4ca5-969e-5156d880f770.rna_seq.augmented_star_gene_counts.tsv	Transcriptome Profiling	Gene Expression Quantification	TCGA-HNSC	TCGA-CV-7432	TCGA-CV-7432-11A	Normal	Not Applicable	Solid Tissue	Unknown
0401cfb1-2922-40fb-bb2c-f5c6966dbe49	4a9685ac-1be6-4253-bfd0-2fcf182e37c3.rna_seq.augmented_star_gene_counts.tsv	Transcriptome Profiling	Gene Expression Quantification	TCGA-HNSC	TCGA-D6-A6EM	TCGA-D6-A6EM-01A	Tumor	Primary	Solid Tissue	OCT
340f6bf2-e251-4e6e-beb0-0d835e292df4	934910be-b029-4990-86be-d73e637c19fa.rna_seq.augmented_star_gene_counts.tsv	Transcriptome Profiling	Gene Expression Quantification	TCGA-HNSC	TCGA-D6-A6EN	TCGA-D6-A6EN-01A	Tumor	Primary	Solid Tissue	OCT
2f940d2e-7aca-4897-8a52-2eed03d5b002	1b4a799b-96e4-48da-b94c-486bc2a8ae91.rna_seq.augmented_star_gene_counts.tsv	Transcriptome Profiling	Gene Expression Quantification	TCGA-HNSC	TCGA-CV-6959	TCGA-CV-6959-11A	Normal	Not Applicable	Solid Tissue	Unknown
ec1c8dbd-035e-4e68-a22f-1e0f9563f414	5337fd13-aa7e-46d4-a492-5826b5577eeb.rna_seq.augmented_star_gene_counts.tsv	Transcriptome Profiling	Gene Expression Quantification	TCGA-HNSC	TCGA-CV-6937	TCGA-CV-6937-01A	Tumor	Primary	Solid Tissue	Unknown
be6dc660-6d65-443e-9865-432eea2ad1aa	137b6651-a874-4806-9700-d303642c6ea8.rna_seq.augmented_star_gene_counts.tsv	Transcriptome Profiling	Gene Expression Quantification	TCGA-HNSC	TCGA-CV-7423	TCGA-CV-7423-11A	Normal	Not Applicable	Solid Tissue	Unknown
2d16a5f3-bcc1-4809-9137-9170ddfd8026	3ce69b87-c522-4d5c-9a2c-96dad83d50ea.rna_seq.augmented_star_gene_counts.tsv	Transcriptome Profiling	Gene Expression Quantification	TCGA-HNSC	TCGA-CR-7369	TCGA-CR-7369-01A	Tumor	Primary	Solid Tissue	Unknown
616b2f3b-b80f-4935-b9ce-9e7fa0739f6d	a020086f-9e3f-455f-9447-15909d2bc710.rna_seq.augmented_star_gene_counts.tsv	Transcriptome Profiling	Gene Expression Quantification	TCGA-HNSC	TCGA-CV-7428	TCGA-CV-7428-01A	Tumor	Primary	Solid Tissue	Unknown
8fc09183-9ad5-4b27-9081-772a9895da69	4db0b656-4be8-4213-8a1e-5575422846c6.rna_seq.augmented_star_gene_counts.tsv	Transcriptome Profiling	Gene Expression Quantification	TCGA-HNSC	TCGA-DQ-5630	TCGA-DQ-5630-01A	Tumor	Primary	Solid Tissue	Unknown
90e2ec57-78b3-4aa3-9613-2be94e2bf716	fe5b1f22-3dca-4d1a-bd88-e276f27444d5.rna_seq.augmented_star_gene_counts.tsv	Transcriptome Profiling	Gene Expression Quantification	TCGA-HNSC	TCGA-HD-A6HZ	TCGA-HD-A6HZ-11A	Normal	Not Applicable	Solid Tissue	Unknown
c5cee1b1-52af-4448-9ce3-443eee654433	457bdc65-d642-4831-b74c-18bd1e22507d.rna_seq.augmented_star_gene_counts.tsv	Transcriptome Profiling	Gene Expression Quantification	TCGA-HNSC	TCGA-HD-A6HZ	TCGA-HD-A6HZ-01A	Tumor	Primary	Solid Tissue	Unknown
24bd3bd0-24c5-4db8-9e04-429c3c08015c	6e4be81a-7e2f-428a-aaf4-7a028494df2d.rna_seq.augmented_star_gene_counts.tsv	Transcriptome Profiling	Gene Expression Quantification	TCGA-HNSC	TCGA-BB-7872	TCGA-BB-7872-01A	Tumor	Primary	Solid Tissue	Unknown
34e3a8ec-b5c4-45e7-8370-fda9d20deaec	8e78d4b9-7fc2-41e1-9d56-d4435e062ca3.rna_seq.augmented_star_gene_counts.tsv	Transcriptome Profiling	Gene Expression Quantification	TCGA-HNSC	TCGA-HD-A6I0	TCGA-HD-A6I0-01A	Tumor	Primary	Solid Tissue	Unknown
12356fb5-98f2-461e-b590-6bde94eac461	a8a49ac4-34a6-4d21-afb6-8893155d4592.rna_seq.augmented_star_gene_counts.tsv	Transcriptome Profiling	Gene Expression Quantification	TCGA-HNSC	TCGA-CQ-6223	TCGA-CQ-6223-01A	Tumor	Primary	Solid Tissue	Unknown
0486cbe7-ea63-4a75-8bad-7e95993b34ce	bf95f48b-ab11-4950-9bbe-8f4e7445dca1.rna_seq.augmented_star_gene_counts.tsv	Transcriptome Profiling	Gene Expression Quantification	TCGA-HNSC	TCGA-CV-6938	TCGA-CV-6938-01A	Tumor	Primary	Solid Tissue	Unknown
e4a520c9-91a8-46ec-89a5-1707d24c125d	3fe6c254-1a6a-4778-be73-cc8fc3bf35ef.rna_seq.augmented_star_gene_counts.tsv	Transcriptome Profiling	Gene Expression Quantification	TCGA-HNSC	TCGA-CN-6011	TCGA-CN-6011-01A	Tumor	Primary	Solid Tissue	Unknown
495475bb-30cc-40bd-8640-cc35ab2a240a	e9b6c450-5b4d-45d8-aef1-3b0d2a9fc489.rna_seq.augmented_star_gene_counts.tsv	Transcriptome Profiling	Gene Expression Quantification	TCGA-HNSC	TCGA-CV-A45O	TCGA-CV-A45O-01A	Tumor	Primary	Solid Tissue	OCT
8fae59bb-c8bd-4125-8c8e-7908eebb5609	ed60b91e-dc3d-4d44-a028-f3b984c5338a.rna_seq.augmented_star_gene_counts.tsv	Transcriptome Profiling	Gene Expression Quantification	TCGA-HNSC	TCGA-CV-6936	TCGA-CV-6936-01A	Tumor	Primary	Solid Tissue	Unknown
cfde3042-a7a5-4931-88ae-d4f23dcee41c	4053fcab-bf63-45a2-b4ef-7525e41eb5d3.rna_seq.augmented_star_gene_counts.tsv	Transcriptome Profiling	Gene Expression Quantification	TCGA-HNSC	TCGA-BB-7871	TCGA-BB-7871-01A	Tumor	Primary	Solid Tissue	Unknown
c778256b-62cc-4642-886f-f2950526f374	e8ac63c4-fc48-4b20-9e7f-abb81afc1ac3.rna_seq.augmented_star_gene_counts.tsv	Transcriptome Profiling	Gene Expression Quantification	TCGA-HNSC	TCGA-CV-A45Q	TCGA-CV-A45Q-01A	Tumor	Primary	Solid Tissue	OCT
a162c257-2c4e-479a-bdff-1361ffc1a7fd	08b55ab1-42b1-4fe1-8d97-5e3fd1b5b055.rna_seq.augmented_star_gene_counts.tsv	Transcriptome Profiling	Gene Expression Quantification	TCGA-HNSC	TCGA-CV-7099	TCGA-CV-7099-01A	Tumor	Primary	Solid Tissue	Unknown
380b9900-16c1-4456-80b4-87faf8567fae	b16f5abd-1fab-4ece-963f-1e289c2d3b03.rna_seq.augmented_star_gene_counts.tsv	Transcriptome Profiling	Gene Expression Quantification	TCGA-HNSC	TCGA-CN-A49A	TCGA-CN-A49A-01A	Tumor	Primary	Solid Tissue	Unknown
f0710431-74a4-4b7e-a715-885b09db10f2	a3e73737-78a8-4e9c-84bf-067c50927efb.rna_seq.augmented_star_gene_counts.tsv	Transcriptome Profiling	Gene Expression Quantification	TCGA-HNSC	TCGA-CX-7082	TCGA-CX-7082-01A	Tumor	Primary	Solid Tissue	Unknown
e67fccdf-1110-46fa-898e-6626f65508da	927291ce-9a1d-464e-a15a-cc0656cc7055.rna_seq.augmented_star_gene_counts.tsv	Transcriptome Profiling	Gene Expression Quantification	TCGA-HNSC	TCGA-CV-7103	TCGA-CV-7103-11A	Normal	Not Applicable	Solid Tissue	Unknown
0fc7262e-048c-4a70-b311-976db2f17c30	3e6e180f-26a2-4c9d-95cd-3bde0a723fb6.rna_seq.augmented_star_gene_counts.tsv	Transcriptome Profiling	Gene Expression Quantification	TCGA-HNSC	TCGA-CR-7386	TCGA-CR-7386-01A	Tumor	Primary	Solid Tissue	Unknown
91fa8c2b-ee99-42ec-a0e2-088931d05c4a	1835816c-b9ca-4d5a-8baa-633106ba5755.rna_seq.augmented_star_gene_counts.tsv	Transcriptome Profiling	Gene Expression Quantification	TCGA-HNSC	TCGA-CV-7103	TCGA-CV-7103-01A	Tumor	Primary	Solid Tissue	Unknown
7b24d322-c8d8-487e-bfa1-9825e07874c9	c3c7f008-08ce-4b39-98d2-1c0734b76dc2.rna_seq.augmented_star_gene_counts.tsv	Transcriptome Profiling	Gene Expression Quantification	CPTAC-3	C3L-01237	C3L-01237-04	Tumor	Primary	Solid Tissue	Snap Frozen
f3e540b8-0485-4d55-b328-eec8005b0872	961e8468-a0fb-45c2-8362-8c2218eced1c.rna_seq.augmented_star_gene_counts.tsv	Transcriptome Profiling	Gene Expression Quantification	CPTAC-3	C3L-01237	C3L-01237-14	Tumor	Primary	Solid Tissue	Snap Frozen
5526d0c1-e8e0-4019-aa65-c9371790fde1	aa8d4ceb-8024-4c6b-b1a8-e848e900edeb.rna_seq.augmented_star_gene_counts.tsv	Transcriptome Profiling	Gene Expression Quantification	CPTAC-3	C3N-03664	C3N-03664-11	Tumor	Primary	Solid Tissue	Snap Frozen
e2940473-03b6-4a56-a4e1-2bf11390fb3e	a502e16d-da04-44e9-a1c8-27d2d45724d3.rna_seq.augmented_star_gene_counts.tsv	Transcriptome Profiling	Gene Expression Quantification	CPTAC-3	C3N-01948	C3N-01948-11	Tumor	Primary	Solid Tissue	Snap Frozen
59671194-d9b4-42a4-88b1-d95bcb7b8e7d	594ab534-9266-4d20-95f4-69e0a5837643.rna_seq.augmented_star_gene_counts.tsv	Transcriptome Profiling	Gene Expression Quantification	CPTAC-3	C3N-03015	C3N-03015-01	Tumor	Primary	Solid Tissue	Snap Frozen
51a72023-26af-4d14-8a56-30aecf0f1b0d	12f3c95d-26ef-47d4-ba42-e8c35cbd7d25.rna_seq.augmented_star_gene_counts.tsv	Transcriptome Profiling	Gene Expression Quantification	CPTAC-3	C3N-03015	C3N-03015-02	Normal	Not Applicable	Solid Tissue	Snap Frozen
26b3ecac-3b15-487b-ba1e-1af1bacd60d6	941fab72-d48d-46d4-8aeb-f395141c31c6.rna_seq.augmented_star_gene_counts.tsv	Transcriptome Profiling	Gene Expression Quantification	CPTAC-3	C3N-03933	C3N-03933-03	Tumor	Primary	Solid Tissue	Snap Frozen
776ee875-75a6-4f2b-8e53-8d4275006f77	a49fcd9d-3daa-4b12-83e9-d9f63c0caf16.rna_seq.augmented_star_gene_counts.tsv	Transcriptome Profiling	Gene Expression Quantification	CPTAC-3	C3N-03456	C3N-03456-11	Tumor	Primary	Solid Tissue	Snap Frozen
c5ccaf12-7841-4d16-b1af-33aab9eec26b	f3c0a696-de6d-424d-b684-186956bb9472.rna_seq.augmented_star_gene_counts.tsv	Transcriptome Profiling	Gene Expression Quantification	CPTAC-3	C3N-03456	C3N-03456-01	Tumor	Primary	Solid Tissue	Snap Frozen
